table,index,addr,region,hypothesis,bundle_score,landing_score,template_score,prev_delta,next_delta,mod8,mod16,prop_addr,prop_size,prop_flags,phase8_rank,phase8_score,phase8,phase16_rank,phase16_score,phase16,repeat8,repeat16,control_vote_exact,control_vote_near,pcrel_slot_exact,pcrel_slot_near,evidence
A,0,0x70017d41,flk_dense,likely_landing_pad_or_slot_target,0,3,0,,0x79,1,1,0x70017d41,0x0,data|unreachable|no_transform,8,258,7,5,70,15,1,1,,,,,prop=0x0:data|unreachable|no_transform;best_prop=0x70017d41:0xb:insn|data|no_reorder|no_transform;zero_size_unreachable_marker
A,1,0x70017dba,flk_dense,likely_landing_pad_or_slot_target,2,7,0,0x79,-0xb,2,10,0x70017dba,0x0,data|unreachable|no_transform,3,278,0,12,58,8,1,1,,,,,prop=0x0:data|unreachable|no_transform;best_prop=0x70017dba:0xb:insn|data|no_reorder|no_transform;zero_size_unreachable_marker;abc_minus_0xb_stride;aligns_top8_phase_rank_3
A,2,0x70017daf,flk_dense,likely_landing_pad_or_slot_target,0,7,0,-0xb,-0xb,7,15,0x70017daf,0x0,data|unreachable|no_transform,6,274,5,14,53,13,1,1,,,,,prop=0x0:data|unreachable|no_transform;best_prop=0x70017daf:0xb:insn|data|no_reorder|no_transform;zero_size_unreachable_marker;abc_minus_0xb_stride
A,3,0x70017da4,flk_dense,likely_landing_pad_or_slot_target,2,12,0,-0xb,-0xb,4,4,0x70017da4,0x0,data|unreachable|no_transform,5,274,2,3,79,2,1,1,,0x70017da0:1:j:1,,0x70017da0:0x7001758d:near_anchor_landing,prop=0x0:data|unreachable|no_transform;best_prop=0x70017da4:0xb:insn|data|no_reorder|no_transform;zero_size_unreachable_marker;abc_minus_0xb_stride;aligns_top16_phase_rank_3;control_vote_near:0x70017da0:j:1;pcrel_slot_near:0x70017da0:0x7001758d:near_anchor_landing
A,4,0x70017d99,flk_dense,likely_landing_pad_or_slot_target,0,7,0,-0xb,-0xb,1,9,0x70017d99,0x0,data|unreachable|no_transform,8,258,7,8,65,7,1,1,,,,,prop=0x0:data|unreachable|no_transform;best_prop=0x70017d99:0xb:insn|data|no_reorder|no_transform;zero_size_unreachable_marker;abc_minus_0xb_stride
A,5,0x70017d8e,flk_dense,likely_landing_pad_or_slot_target,2,7,0,-0xb,-0xb,6,14,0x70017d8e,0x0,data|unreachable|no_transform,4,276,4,7,66,12,1,1,,,,,prop=0x0:data|unreachable|no_transform;best_prop=0x70017d8e:0xb:insn|data|no_reorder|no_transform;zero_size_unreachable_marker;abc_minus_0xb_stride;aligns_top8_phase_rank_4
A,6,0x70017d83,flk_dense,likely_landing_pad_or_slot_target,4,7,0,-0xb,-0xb,3,3,0x70017d83,0x0,data|unreachable|no_transform,1,306,1,1,91,1,1,1,,,,,prop=0x0:data|unreachable|no_transform;best_prop=0x70017d83:0xb:insn|data|no_reorder|no_transform;zero_size_unreachable_marker;abc_minus_0xb_stride;aligns_top8_phase_rank_1;aligns_top16_phase_rank_1
A,7,0x70017d78,flk_dense,likely_landing_pad_or_slot_target,4,7,0,-0xb,-0xb,0,8,0x70017d78,0x0,data|unreachable|no_transform,2,285,6,4,70,6,1,1,,,,,prop=0x0:data|unreachable|no_transform;best_prop=0x70017d78:0xb:insn|data|no_reorder|no_transform;zero_size_unreachable_marker;abc_minus_0xb_stride;aligns_top8_phase_rank_2;aligns_top16_phase_rank_4
A,8,0x70017d6d,flk_dense,likely_landing_pad_or_slot_target,0,7,0,-0xb,-0xb,5,13,0x70017d6d,0x0,data|unreachable|no_transform,7,267,3,9,61,11,1,1,,,,,prop=0x0:data|unreachable|no_transform;best_prop=0x70017d6d:0xb:insn|data|no_reorder|no_transform;zero_size_unreachable_marker;abc_minus_0xb_stride
A,9,0x70017d62,flk_dense,likely_landing_pad_or_slot_target,4,7,0,-0xb,-0xb,2,2,0x70017d62,0x0,data|unreachable|no_transform,3,278,0,2,81,0,1,1,,,,,prop=0x0:data|unreachable|no_transform;best_prop=0x70017d62:0xb:insn|data|no_reorder|no_transform;zero_size_unreachable_marker;abc_minus_0xb_stride;aligns_top8_phase_rank_3;aligns_top16_phase_rank_2
A,10,0x70017d57,flk_dense,likely_landing_pad_or_slot_target,0,12,0,-0xb,-0xb,7,7,0x70017d57,0x0,data|unreachable|no_transform,6,274,5,10,60,5,1,1,,0x70017d58:1:j:1,,0x70017d58:0x70017547:anchor_adjacent_landing,prop=0x0:data|unreachable|no_transform;best_prop=0x70017d57:0xb:insn|data|no_reorder|no_transform;zero_size_unreachable_marker;abc_minus_0xb_stride;control_vote_near:0x70017d58:j:1;pcrel_slot_near:0x70017d58:0x70017547:anchor_adjacent_landing
A,11,0x70017d4c,flk_dense,likely_landing_pad_or_slot_target,0,12,0,-0xb,,4,12,0x70017d4c,0x0,data|unreachable|no_transform,5,274,2,16,44,10,1,1,,0x70017d48:1:j:1,,0x70017d48:0x70017537:near_anchor_landing,prop=0x0:data|unreachable|no_transform;best_prop=0x70017d4c:0xb:insn|data|no_reorder|no_transform;zero_size_unreachable_marker;abc_minus_0xb_stride;control_vote_near:0x70017d48:j:1;pcrel_slot_near:0x70017d48:0x70017537:near_anchor_landing
B,0,0x70017dc5,flk_dense,likely_landing_pad_or_slot_target,0,3,0,,0x79,5,5,0x70017dc5,0x0,data|unreachable|no_transform,7,267,3,6,66,3,1,1,,,,,prop=0x0:data|unreachable|no_transform;best_prop=0x70017dc5:0xb:insn|data|no_reorder|no_transform;zero_size_unreachable_marker
B,1,0x70017e3e,flk_dense,likely_landing_pad_or_slot_target,2,12,0,0x79,-0xb,6,14,0x70017e3e,0x0,data|unreachable|no_transform,4,276,4,7,66,12,1,1,,0x70017e40:1:j:1,,0x70017e40:0x7001762c:near_anchor_landing,prop=0x0:data|unreachable|no_transform;best_prop=0x70017e3e:0xb:insn|data|no_reorder|no_transform;zero_size_unreachable_marker;abc_minus_0xb_stride;aligns_top8_phase_rank_4;control_vote_near:0x70017e40:j:1;pcrel_slot_near:0x70017e40:0x7001762c:near_anchor_landing
B,2,0x70017e33,flk_dense,likely_landing_pad_or_slot_target,4,7,0,-0xb,-0xb,3,3,0x70017e33,0x0,data|unreachable|no_transform,1,306,1,1,91,1,1,1,,,,,prop=0x0:data|unreachable|no_transform;best_prop=0x70017e33:0xb:insn|data|no_reorder|no_transform;zero_size_unreachable_marker;abc_minus_0xb_stride;aligns_top8_phase_rank_1;aligns_top16_phase_rank_1
B,3,0x70017e28,flk_dense,likely_landing_pad_or_slot_target,4,12,0,-0xb,-0xb,0,8,0x70017e28,0x0,data|unreachable|no_transform,2,285,6,4,70,6,1,1,,0x70017e20:1:j:1,,0x70017e20:0x7001760d:near_anchor_landing,prop=0x0:data|unreachable|no_transform;best_prop=0x70017e28:0xb:insn|data|no_reorder|no_transform;zero_size_unreachable_marker;abc_minus_0xb_stride;aligns_top8_phase_rank_2;aligns_top16_phase_rank_4;control_vote_near:0x70017e20:j:1;pcrel_slot_near:0x70017e20:0x7001760d:near_anchor_landing
B,4,0x70017e1d,flk_dense,likely_landing_pad_or_slot_target,0,7,0,-0xb,-0xb,5,13,0x70017e1d,0x0,data|unreachable|no_transform,7,267,3,9,61,11,1,1,,,,,prop=0x0:data|unreachable|no_transform;best_prop=0x70017e1d:0xb:insn|data|no_reorder|no_transform;zero_size_unreachable_marker;abc_minus_0xb_stride
B,5,0x70017e12,flk_dense,likely_landing_pad_or_slot_target,4,12,0,-0xb,-0xb,2,2,0x70017e12,0x0,data|unreachable|no_transform,3,278,0,2,81,0,1,1,,0x70017e10:1:j:1,,0x70017e10:0x700175fd:near_anchor_landing,prop=0x0:data|unreachable|no_transform;best_prop=0x70017e12:0xb:insn|data|no_reorder|no_transform;zero_size_unreachable_marker;abc_minus_0xb_stride;aligns_top8_phase_rank_3;aligns_top16_phase_rank_2;control_vote_near:0x70017e10:j:1;pcrel_slot_near:0x70017e10:0x700175fd:near_anchor_landing
B,6,0x70017e07,flk_dense,likely_landing_pad_or_slot_target,0,7,0,-0xb,-0xb,7,7,0x70017e07,0x0,data|unreachable|no_transform,6,274,5,10,60,5,1,1,,,,,prop=0x0:data|unreachable|no_transform;best_prop=0x70017e07:0xb:insn|data|no_reorder|no_transform;zero_size_unreachable_marker;abc_minus_0xb_stride
B,7,0x70017dfc,flk_dense,likely_landing_pad_or_slot_target,0,12,0,-0xb,-0xb,4,12,0x70017dfc,0x0,data|unreachable|no_transform,5,274,2,16,44,10,1,1,,0x70017e00:1:j:1,,0x70017e00:0x700175ed:near_anchor_landing,prop=0x0:data|unreachable|no_transform;best_prop=0x70017dfc:0xb:insn|data|no_reorder|no_transform;zero_size_unreachable_marker;abc_minus_0xb_stride;control_vote_near:0x70017e00:j:1;pcrel_slot_near:0x70017e00:0x700175ed:near_anchor_landing
B,8,0x70017df1,flk_dense,likely_landing_pad_or_slot_target,0,7,0,-0xb,-0xb,1,1,0x70017df1,0x0,data|unreachable|no_transform,8,258,7,5,70,15,1,1,,,,,prop=0x0:data|unreachable|no_transform;best_prop=0x70017df1:0xb:insn|data|no_reorder|no_transform;zero_size_unreachable_marker;abc_minus_0xb_stride
B,9,0x70017de6,flk_dense,likely_landing_pad_or_slot_target,2,7,0,-0xb,-0xb,6,6,0x70017de6,0x0,data|unreachable|no_transform,4,276,4,11,58,4,1,1,,,,,prop=0x0:data|unreachable|no_transform;best_prop=0x70017de6:0xb:insn|data|no_reorder|no_transform;zero_size_unreachable_marker;abc_minus_0xb_stride;aligns_top8_phase_rank_4
B,10,0x70017ddb,flk_dense,likely_landing_pad_or_slot_target,2,7,0,-0xb,-0xb,3,11,0x70017ddb,0x0,data|unreachable|no_transform,1,306,1,13,57,9,1,1,,,,,prop=0x0:data|unreachable|no_transform;best_prop=0x70017ddb:0xb:insn|data|no_reorder|no_transform;zero_size_unreachable_marker;abc_minus_0xb_stride;aligns_top8_phase_rank_1
B,11,0x70017dd0,flk_dense,likely_landing_pad_or_slot_target,2,7,0,-0xb,,0,0,0x70017dd0,0x0,data|unreachable|no_transform,2,285,6,15,53,14,1,1,,,,,prop=0x0:data|unreachable|no_transform;best_prop=0x70017dd0:0xb:insn|data|no_reorder|no_transform;zero_size_unreachable_marker;abc_minus_0xb_stride;aligns_top8_phase_rank_2
C,0,0x70017cc8,flk_dense,likely_landing_pad_or_slot_target,4,8,0,,-0x1324,0,8,0x70017cc8,0x0,data|unreachable|no_transform,2,285,6,4,70,6,1,1,,0x70017cd0:1:j:1,,0x70017cd0:0x700174be:anchor_adjacent_landing,prop=0x0:data|unreachable|no_transform;best_prop=0x70017cc8:0xb:insn|data|no_reorder|no_transform;zero_size_unreachable_marker;aligns_top8_phase_rank_2;aligns_top16_phase_rank_4;control_vote_near:0x70017cd0:j:1;pcrel_slot_near:0x70017cd0:0x700174be:anchor_adjacent_landing
C,1,0x700169a4,flk_dense,candidate_bundle_start,7,0,0,-0x1324,0x1392,4,4,0x700169a4,0x8,insn|data|no_reorder|no_transform,5,274,2,3,79,2,1,1,,,,,prop=0x8:insn|data|no_reorder|no_transform;explicit_insn_prop_ge_8;aligns_top16_phase_rank_3;special_c1_control_anchor
C,2,0x70017d36,flk_dense,likely_landing_pad_or_slot_target,2,7,0,0x1392,-0xb,6,6,0x70017d36,0x0,data|unreachable|no_transform,4,276,4,11,58,4,1,1,,,,,prop=0x0:data|unreachable|no_transform;best_prop=0x70017d36:0xb:insn|data|no_reorder|no_transform;zero_size_unreachable_marker;abc_minus_0xb_stride;aligns_top8_phase_rank_4
C,3,0x70017d2b,flk_dense,likely_landing_pad_or_slot_target,2,7,0,-0xb,-0xb,3,11,0x70017d2b,0x0,data|unreachable|no_transform,1,306,1,13,57,9,1,1,,,,,prop=0x0:data|unreachable|no_transform;best_prop=0x70017d2b:0xb:insn|data|no_reorder|no_transform;zero_size_unreachable_marker;abc_minus_0xb_stride;aligns_top8_phase_rank_1
C,4,0x70017d20,flk_dense,likely_landing_pad_or_slot_target,2,7,0,-0xb,-0xb,0,0,0x70017d20,0x0,data|unreachable|no_transform,2,285,6,15,53,14,1,1,,,,,prop=0x0:data|unreachable|no_transform;best_prop=0x70017d20:0xb:insn|data|no_reorder|no_transform;zero_size_unreachable_marker;abc_minus_0xb_stride;aligns_top8_phase_rank_2
C,5,0x70017d15,flk_dense,likely_landing_pad_or_slot_target,0,7,0,-0xb,-0xb,5,5,0x70017d15,0x0,data|unreachable|no_transform,7,267,3,6,66,3,1,1,,,,,prop=0x0:data|unreachable|no_transform;best_prop=0x70017d15:0xb:insn|data|no_reorder|no_transform;zero_size_unreachable_marker;abc_minus_0xb_stride
C,6,0x70017d0a,flk_dense,likely_landing_pad_or_slot_target,2,7,0,-0xb,-0xb,2,10,0x70017d0a,0x0,data|unreachable|no_transform,3,278,0,12,58,8,1,1,,,,,prop=0x0:data|unreachable|no_transform;best_prop=0x70017d0a:0xb:insn|data|no_reorder|no_transform;zero_size_unreachable_marker;abc_minus_0xb_stride;aligns_top8_phase_rank_3
C,7,0x70017cff,flk_dense,likely_landing_pad_or_slot_target,0,12,0,-0xb,-0xb,7,15,0x70017cff,0x0,data|unreachable|no_transform,6,274,5,14,53,13,1,1,,0x70017d00:1:j:1,,0x70017d00:0x700174ee:anchor_adjacent_landing,prop=0x0:data|unreachable|no_transform;best_prop=0x70017cff:0xb:insn|data|no_reorder|no_transform;zero_size_unreachable_marker;abc_minus_0xb_stride;control_vote_near:0x70017d00:j:1;pcrel_slot_near:0x70017d00:0x700174ee:anchor_adjacent_landing
C,8,0x70017cf4,flk_dense,likely_landing_pad_or_slot_target,2,12,0,-0xb,-0xb,4,4,0x70017cf4,0x0,data|unreachable|no_transform,5,274,2,3,79,2,1,1,,0x70017cf0:1:j:1,,0x70017cf0:0x700174de:near_anchor_landing,prop=0x0:data|unreachable|no_transform;best_prop=0x70017cf4:0xb:insn|data|no_reorder|no_transform;zero_size_unreachable_marker;abc_minus_0xb_stride;aligns_top16_phase_rank_3;control_vote_near:0x70017cf0:j:1;pcrel_slot_near:0x70017cf0:0x700174de:near_anchor_landing
C,9,0x70017ce9,flk_dense,likely_landing_pad_or_slot_target,0,7,0,-0xb,-0xb,1,9,0x70017ce9,0x0,data|unreachable|no_transform,8,258,7,8,65,7,1,1,,,,,prop=0x0:data|unreachable|no_transform;best_prop=0x70017ce9:0xb:insn|data|no_reorder|no_transform;zero_size_unreachable_marker;abc_minus_0xb_stride
C,10,0x70017cde,flk_dense,likely_landing_pad_or_slot_target,2,12,0,-0xb,-0xb,6,14,0x70017cde,0x0,data|unreachable|no_transform,4,276,4,7,66,12,1,1,,0x70017ce0:1:j:1,,0x70017ce0:0x700174ce:near_anchor_landing,prop=0x0:data|unreachable|no_transform;best_prop=0x70017cde:0xb:insn|data|no_reorder|no_transform;zero_size_unreachable_marker;abc_minus_0xb_stride;aligns_top8_phase_rank_4;control_vote_near:0x70017ce0:j:1;pcrel_slot_near:0x70017ce0:0x700174ce:near_anchor_landing
C,11,0x70017cd3,flk_dense,likely_landing_pad_or_slot_target,4,7,0,-0xb,,3,3,0x70017cd3,0x0,data|unreachable|no_transform,1,306,1,1,91,1,1,1,,,,,prop=0x0:data|unreachable|no_transform;best_prop=0x70017cd3:0xb:insn|data|no_reorder|no_transform;zero_size_unreachable_marker;abc_minus_0xb_stride;aligns_top8_phase_rank_1;aligns_top16_phase_rank_1
D,0,0x70081ee7,ann_dense,generated_template_entry,0,3,4,,0xbc5,7,7,0x70081ee7,0x0,unreachable,5,419,2,7,147,2,27,27,,,,,prop=0x0:unreachable;best_prop=0x70081ee7:0x5f:insn|no_reorder;zero_size_unreachable_marker;repeat8_count_27;repeat16_count_27
D,1,0x70082aac,ann_dense,generated_template_entry,4,3,8,0xbc5,-0x68,4,12,0x70082aac,0x0,unreachable,1,564,7,1,198,7,27,27,,,,,prop=0x0:unreachable;best_prop=0x70082aac:0x52:insn|no_reorder;zero_size_unreachable_marker;d_generated_stride_family;aligns_top8_phase_rank_1;aligns_top16_phase_rank_1;repeat8_count_27;repeat16_count_27
D,2,0x70082a44,ann_dense,generated_template_entry,4,3,8,-0x68,-0x68,4,4,0x70082a44,0x0,unreachable,1,564,7,2,197,15,27,27,,,,,prop=0x0:unreachable;best_prop=0x70082a44:0x52:insn|no_reorder;zero_size_unreachable_marker;d_generated_stride_family;aligns_top8_phase_rank_1;aligns_top16_phase_rank_2;repeat8_count_27;repeat16_count_27
D,3,0x700829dc,ann_dense,generated_template_entry,4,3,8,-0x68,-0x68,4,12,0x700829dc,0x0,unreachable,1,564,7,1,198,7,27,27,,,,,prop=0x0:unreachable;best_prop=0x700829dc:0x52:insn|no_reorder;zero_size_unreachable_marker;d_generated_stride_family;aligns_top8_phase_rank_1;aligns_top16_phase_rank_1;repeat8_count_27;repeat16_count_27
D,4,0x70082974,ann_dense,generated_template_entry,4,8,8,-0x68,-0x68,4,4,0x70082974,0x0,unreachable,1,564,7,2,197,15,27,27,,0x70082978:1:j:1,,0x70082978:0x70082165:near_anchor_landing,prop=0x0:unreachable;best_prop=0x70082974:0x52:insn|no_reorder;zero_size_unreachable_marker;d_generated_stride_family;aligns_top8_phase_rank_1;aligns_top16_phase_rank_2;repeat8_count_27;repeat16_count_27;control_vote_near:0x70082978:j:1;pcrel_slot_near:0x70082978:0x70082165:near_anchor_landing
D,5,0x7008290c,ann_dense,generated_template_entry,4,8,8,-0x68,-0x68,4,12,0x7008290c,0x0,unreachable,1,564,7,1,198,7,27,27,,0x70082904:1:j:1,,0x70082904:0x700820f0:near_anchor_landing,prop=0x0:unreachable;best_prop=0x7008290c:0x52:insn|no_reorder;zero_size_unreachable_marker;d_generated_stride_family;aligns_top8_phase_rank_1;aligns_top16_phase_rank_1;repeat8_count_27;repeat16_count_27;control_vote_near:0x70082904:j:1;pcrel_slot_near:0x70082904:0x700820f0:near_anchor_landing
D,6,0x700828a4,ann_dense,generated_template_entry,4,3,8,-0x68,-0x68,4,4,0x700828a4,0x0,unreachable,1,564,7,2,197,15,27,27,,,,,prop=0x0:unreachable;best_prop=0x700828a4:0x52:insn|no_reorder;zero_size_unreachable_marker;d_generated_stride_family;aligns_top8_phase_rank_1;aligns_top16_phase_rank_2;repeat8_count_27;repeat16_count_27
D,7,0x7008283c,ann_dense,generated_template_entry,4,3,8,-0x68,-0x68,4,12,0x7008283c,0x0,unreachable,1,564,7,1,198,7,27,27,,,,,prop=0x0:unreachable;best_prop=0x7008283c:0x52:insn|no_reorder;zero_size_unreachable_marker;d_generated_stride_family;aligns_top8_phase_rank_1;aligns_top16_phase_rank_1;repeat8_count_27;repeat16_count_27
D,8,0x700827d4,ann_dense,generated_template_entry,4,8,8,-0x68,-0x68,4,4,0x700827d4,0x0,unreachable,1,564,7,2,197,15,27,27,,0x700827dc:1:j:1,,0x700827dc:0x70081fca:near_anchor_landing,prop=0x0:unreachable;best_prop=0x700827d4:0x52:insn|no_reorder;zero_size_unreachable_marker;d_generated_stride_family;aligns_top8_phase_rank_1;aligns_top16_phase_rank_2;repeat8_count_27;repeat16_count_27;control_vote_near:0x700827dc:j:1;pcrel_slot_near:0x700827dc:0x70081fca:near_anchor_landing
D,9,0x7008276c,ann_dense,generated_template_entry,4,8,8,-0x68,-0x68,4,12,0x7008276c,0x0,unreachable,1,564,7,1,198,7,27,27,,0x70082764:1:j:1,,0x70082764:0x70081f53:near_anchor_landing,prop=0x0:unreachable;best_prop=0x7008276c:0x52:insn|no_reorder;zero_size_unreachable_marker;d_generated_stride_family;aligns_top8_phase_rank_1;aligns_top16_phase_rank_1;repeat8_count_27;repeat16_count_27;control_vote_near:0x70082764:j:1;pcrel_slot_near:0x70082764:0x70081f53:near_anchor_landing
D,10,0x70082704,ann_dense,generated_template_entry,4,3,8,-0x68,-0x68,4,4,0x70082704,0x0,unreachable,1,564,7,2,197,15,27,27,,,,,prop=0x0:unreachable;best_prop=0x70082704:0x52:insn|no_reorder;zero_size_unreachable_marker;d_generated_stride_family;aligns_top8_phase_rank_1;aligns_top16_phase_rank_2;repeat8_count_27;repeat16_count_27
D,11,0x7008269c,ann_dense,generated_template_entry,4,3,8,-0x68,-0x68,4,12,0x7008269c,0x0,unreachable,1,564,7,1,198,7,27,27,,,,,prop=0x0:unreachable;best_prop=0x7008269c:0x52:insn|no_reorder;zero_size_unreachable_marker;d_generated_stride_family;aligns_top8_phase_rank_1;aligns_top16_phase_rank_1;repeat8_count_27;repeat16_count_27
D,12,0x70082634,ann_dense,generated_template_entry,4,3,8,-0x68,-0x68,4,4,0x70082634,0x0,unreachable,1,564,7,2,197,15,27,27,,,,,prop=0x0:unreachable;best_prop=0x70082634:0x52:insn|no_reorder;zero_size_unreachable_marker;d_generated_stride_family;aligns_top8_phase_rank_1;aligns_top16_phase_rank_2;repeat8_count_27;repeat16_count_27
D,13,0x700825cc,ann_dense,generated_template_entry,4,3,8,-0x68,-0x75,4,12,0x700825cc,0x0,unreachable,1,564,7,1,198,7,27,27,,,,,prop=0x0:unreachable;best_prop=0x700825cc:0x52:insn|no_reorder;zero_size_unreachable_marker;d_generated_stride_family;aligns_top8_phase_rank_1;aligns_top16_phase_rank_1;repeat8_count_27;repeat16_count_27
D,14,0x70082557,ann_dense,generated_template_entry,0,3,8,-0x75,-0x75,7,7,0x70082557,0x0,unreachable,5,419,2,7,147,2,27,27,,,,,prop=0x0:unreachable;best_prop=0x70082557:0x5f:insn|no_reorder;zero_size_unreachable_marker;d_generated_stride_family;repeat8_count_27;repeat16_count_27
D,15,0x700824e2,ann_dense,generated_template_entry,3,0,8,-0x75,-0x77,2,2,0x700824e2,0x5f,insn|no_reorder,7,402,5,11,130,13,27,27,,,,,prop=0x5f:insn|no_reorder;explicit_insn_prop_ge_8;d_generated_stride_family;repeat8_count_27;repeat16_count_27
D,16,0x7008246b,ann_dense,generated_template_entry,5,0,8,-0x77,-0x77,3,11,0x7008246b,0x5f,insn|no_reorder,2,458,6,8,140,6,27,27,,,,,prop=0x5f:insn|no_reorder;explicit_insn_prop_ge_8;d_generated_stride_family;aligns_top8_phase_rank_2;repeat8_count_27;repeat16_count_27
D,17,0x700823f4,ann_dense,generated_template_entry,4,3,8,-0x77,-0x75,4,4,0x700823f4,0x0,unreachable,1,564,7,2,197,15,27,27,,,,,prop=0x0:unreachable;best_prop=0x700823f4:0x5f:insn|no_reorder;zero_size_unreachable_marker;d_generated_stride_family;aligns_top8_phase_rank_1;aligns_top16_phase_rank_2;repeat8_count_27;repeat16_count_27
D,18,0x7008237f,ann_dense,generated_template_entry,3,0,8,-0x75,-0x77,7,15,0x7008237f,0x5f,insn|no_reorder,5,419,2,10,130,10,27,27,,,,,prop=0x5f:insn|no_reorder;explicit_insn_prop_ge_8;d_generated_stride_family;repeat8_count_27;repeat16_count_27
D,19,0x70082308,ann_dense,generated_template_entry,2,3,8,-0x77,-0x75,0,8,0x70082308,0x0,unreachable,6,416,3,4,162,3,27,27,,,,,prop=0x0:unreachable;best_prop=0x70082308:0x5f:insn|no_reorder;zero_size_unreachable_marker;d_generated_stride_family;aligns_top16_phase_rank_4;repeat8_count_27;repeat16_count_27
D,20,0x70082293,ann_dense,generated_template_entry,4,3,8,-0x75,-0x3ce,3,3,0x70082293,0x0,unreachable,2,458,6,3,165,14,27,27,,,,,prop=0x0:unreachable;best_prop=0x70082293:0x5f:insn|no_reorder;zero_size_unreachable_marker;d_generated_stride_family;aligns_top8_phase_rank_2;aligns_top16_phase_rank_3;repeat8_count_27;repeat16_count_27
D,21,0x70081ec5,ann_dense,candidate_bundle_start,2,0,0,-0x3ce,0x0,5,5,0x70081ec5,0x2,insn|branch_target|no_reorder,3,452,0,5,161,0,1,1,,,,,prop=0x2:insn|branch_target|no_reorder;aligns_top8_phase_rank_3
D,22,0x70081ec5,ann_dense,candidate_bundle_start,2,0,0,0x0,0x359,5,5,0x70081ec5,0x2,insn|branch_target|no_reorder,3,452,0,5,161,0,1,1,,,,,prop=0x2:insn|branch_target|no_reorder;aligns_top8_phase_rank_3
D,23,0x7008221e,ann_dense,generated_template_entry,5,0,8,0x359,-0x76,6,14,0x7008221e,0x5f,insn|no_reorder,4,423,1,6,155,9,27,27,,,,,prop=0x5f:insn|no_reorder;explicit_insn_prop_ge_8;d_generated_stride_family;aligns_top8_phase_rank_4;repeat8_count_27;repeat16_count_27
D,24,0x700821a8,ann_dense,generated_template_entry,2,3,8,-0x76,-0x75,0,8,0x700821a8,0x0,unreachable,6,416,3,4,162,3,27,27,,,,,prop=0x0:unreachable;best_prop=0x700821a8:0x5f:insn|no_reorder;zero_size_unreachable_marker;d_generated_stride_family;aligns_top16_phase_rank_4;repeat8_count_27;repeat16_count_27
D,25,0x70082133,ann_dense,generated_template_entry,4,3,8,-0x75,-0x75,3,3,0x70082133,0x0,unreachable,2,458,6,3,165,14,27,27,,,,,prop=0x0:unreachable;best_prop=0x70082133:0x5f:insn|no_reorder;zero_size_unreachable_marker;d_generated_stride_family;aligns_top8_phase_rank_2;aligns_top16_phase_rank_3;repeat8_count_27;repeat16_count_27
D,26,0x700820be,ann_dense,generated_template_entry,5,0,8,-0x75,-0x76,6,14,0x700820be,0x5f,insn|no_reorder,4,423,1,6,155,9,27,27,,,,,prop=0x5f:insn|no_reorder;explicit_insn_prop_ge_8;d_generated_stride_family;aligns_top8_phase_rank_4;repeat8_count_27;repeat16_count_27
D,27,0x70082048,ann_dense,generated_template_entry,2,3,8,-0x76,-0x183,0,8,0x70082048,0x0,unreachable,6,416,3,4,162,3,27,27,,,,,prop=0x0:unreachable;best_prop=0x70082048:0x5f:insn|no_reorder;zero_size_unreachable_marker;d_generated_stride_family;aligns_top16_phase_rank_4;repeat8_count_27;repeat16_count_27
D,28,0x70081ec5,ann_dense,candidate_bundle_start,2,0,0,-0x183,0x10e,5,5,0x70081ec5,0x2,insn|branch_target|no_reorder,3,452,0,5,161,0,1,1,,,,,prop=0x2:insn|branch_target|no_reorder;aligns_top8_phase_rank_3
D,29,0x70081fd3,ann_dense,generated_template_entry,4,3,8,0x10e,-0x75,3,3,0x70081fd3,0x0,unreachable,2,458,6,3,165,14,27,27,,,,,prop=0x0:unreachable;best_prop=0x70081fd3:0x5f:insn|no_reorder;zero_size_unreachable_marker;d_generated_stride_family;aligns_top8_phase_rank_2;aligns_top16_phase_rank_3;repeat8_count_27;repeat16_count_27
D,30,0x70081f5e,ann_dense,generated_template_entry,5,0,4,-0x75,,6,14,0x70081f5e,0x5f,insn|no_reorder,4,423,1,6,155,9,1,1,,,,,prop=0x5f:insn|no_reorder;explicit_insn_prop_ge_8;d_generated_stride_family;aligns_top8_phase_rank_4
