kernel_bucket,sample_class,width,sample_count,fixed_byte_count,variable_byte_count,fixed_bit_count,variable_bit_count,mask,sha1_8_counts,target_samples
AB_flk_landing_series,all,8,8,2,6,42,22,?? ?? 70 ?? ?? ?? ?? 01,708d9ca0:1 8b6952ed:1 831c93ae:1 bf47d9fb:1 922989d1:1 db21ef67:1,0x70017dba 0x70017daf 0x70017da4 0x70017d99 0x70017d8e 0x70017d83 0x70017dc5 0x70017dd0
AB_flk_landing_series,all,16,8,3,13,83,45,?? ?? 70 ?? ?? ?? ?? 01 ?? ?? ?? ?? ?? 70 ?? ??,708d9ca0:1 8b6952ed:1 831c93ae:1 bf47d9fb:1 922989d1:1 db21ef67:1,0x70017dba 0x70017daf 0x70017da4 0x70017d99 0x70017d8e 0x70017d83 0x70017dc5 0x70017dd0
AB_flk_landing_series,all,32,8,6,26,158,98,?? ?? 70 ?? ?? ?? ?? 01 ?? ?? ?? ?? ?? 70 ?? ?? ?? ?? 01 ?? ?? ?? ?? ?? 70 ?? ?? ?? ?? 01 ?? ??,708d9ca0:1 8b6952ed:1 831c93ae:1 bf47d9fb:1 922989d1:1 db21ef67:1,0x70017dba 0x70017daf 0x70017da4 0x70017d99 0x70017d8e 0x70017d83 0x70017dc5 0x70017dd0
AB_flk_landing_series,close,8,8,2,6,42,22,?? ?? 70 ?? ?? ?? ?? 01,708d9ca0:1 8b6952ed:1 831c93ae:1 bf47d9fb:1 922989d1:1 db21ef67:1,0x70017dba 0x70017daf 0x70017da4 0x70017d99 0x70017d8e 0x70017d83 0x70017dc5 0x70017dd0
AB_flk_landing_series,close,16,8,3,13,83,45,?? ?? 70 ?? ?? ?? ?? 01 ?? ?? ?? ?? ?? 70 ?? ??,708d9ca0:1 8b6952ed:1 831c93ae:1 bf47d9fb:1 922989d1:1 db21ef67:1,0x70017dba 0x70017daf 0x70017da4 0x70017d99 0x70017d8e 0x70017d83 0x70017dc5 0x70017dd0
AB_flk_landing_series,close,32,8,6,26,158,98,?? ?? 70 ?? ?? ?? ?? 01 ?? ?? ?? ?? ?? 70 ?? ?? ?? ?? 01 ?? ?? ?? ?? ?? 70 ?? ?? ?? ?? 01 ?? ??,708d9ca0:1 8b6952ed:1 831c93ae:1 bf47d9fb:1 922989d1:1 db21ef67:1,0x70017dba 0x70017daf 0x70017da4 0x70017d99 0x70017d8e 0x70017d83 0x70017dc5 0x70017dd0
AB_flk_landing_series,strong,8,8,2,6,42,22,?? ?? 70 ?? ?? ?? ?? 01,708d9ca0:1 8b6952ed:1 831c93ae:1 bf47d9fb:1 922989d1:1 db21ef67:1,0x70017dba 0x70017daf 0x70017da4 0x70017d99 0x70017d8e 0x70017d83 0x70017dc5 0x70017dd0
AB_flk_landing_series,strong,16,8,3,13,83,45,?? ?? 70 ?? ?? ?? ?? 01 ?? ?? ?? ?? ?? 70 ?? ??,708d9ca0:1 8b6952ed:1 831c93ae:1 bf47d9fb:1 922989d1:1 db21ef67:1,0x70017dba 0x70017daf 0x70017da4 0x70017d99 0x70017d8e 0x70017d83 0x70017dc5 0x70017dd0
AB_flk_landing_series,strong,32,8,6,26,158,98,?? ?? 70 ?? ?? ?? ?? 01 ?? ?? ?? ?? ?? 70 ?? ?? ?? ?? 01 ?? ?? ?? ?? ?? 70 ?? ?? ?? ?? 01 ?? ??,708d9ca0:1 8b6952ed:1 831c93ae:1 bf47d9fb:1 922989d1:1 db21ef67:1,0x70017dba 0x70017daf 0x70017da4 0x70017d99 0x70017d8e 0x70017d83 0x70017dc5 0x70017dd0
AC_flk_landing_series,all,8,3,2,6,43,21,?? ?? 70 ?? ?? ?? ?? 01,0b8e2357:1 bf1f8ce1:1 31d0ae67:1,0x70017d41 0x70017d4c 0x70017d36
AC_flk_landing_series,all,16,3,4,12,91,37,?? ?? 70 ?? ?? ?? ?? 01 ?? ?? fb ?? ?? 70 ?? ??,0b8e2357:1 bf1f8ce1:1 31d0ae67:1,0x70017d41 0x70017d4c 0x70017d36
AC_flk_landing_series,all,32,3,9,23,179,77,?? ?? 70 ?? ?? ?? ?? 01 ?? ?? fb ?? ?? 70 ?? ?? ?? ?? 01 ?? ?? fb ?? 1a 70 ?? ?? ?? ?? 01 ?? ??,0b8e2357:1 bf1f8ce1:1 31d0ae67:1,0x70017d41 0x70017d4c 0x70017d36
AC_flk_landing_series,close,8,3,2,6,43,21,?? ?? 70 ?? ?? ?? ?? 01,0b8e2357:1 bf1f8ce1:1 31d0ae67:1,0x70017d41 0x70017d4c 0x70017d36
AC_flk_landing_series,close,16,3,4,12,91,37,?? ?? 70 ?? ?? ?? ?? 01 ?? ?? fb ?? ?? 70 ?? ??,0b8e2357:1 bf1f8ce1:1 31d0ae67:1,0x70017d41 0x70017d4c 0x70017d36
AC_flk_landing_series,close,32,3,9,23,179,77,?? ?? 70 ?? ?? ?? ?? 01 ?? ?? fb ?? ?? 70 ?? ?? ?? ?? 01 ?? ?? fb ?? 1a 70 ?? ?? ?? ?? 01 ?? ??,0b8e2357:1 bf1f8ce1:1 31d0ae67:1,0x70017d41 0x70017d4c 0x70017d36
AC_flk_landing_series,strong,8,3,2,6,43,21,?? ?? 70 ?? ?? ?? ?? 01,0b8e2357:1 bf1f8ce1:1 31d0ae67:1,0x70017d41 0x70017d4c 0x70017d36
AC_flk_landing_series,strong,16,3,4,12,91,37,?? ?? 70 ?? ?? ?? ?? 01 ?? ?? fb ?? ?? 70 ?? ??,0b8e2357:1 bf1f8ce1:1 31d0ae67:1,0x70017d41 0x70017d4c 0x70017d36
AC_flk_landing_series,strong,32,3,9,23,179,77,?? ?? 70 ?? ?? ?? ?? 01 ?? ?? fb ?? ?? 70 ?? ?? ?? ?? 01 ?? ?? fb ?? 1a 70 ?? ?? ?? ?? 01 ?? ??,0b8e2357:1 bf1f8ce1:1 31d0ae67:1,0x70017d41 0x70017d4c 0x70017d36
A_flk_landing_series,all,8,4,3,5,46,18,?? 1a 70 ?? ?? ?? ?? 01,9de9a627:1 a1a5ae5b:1 ffa1d8d1:1 b035377a:1,0x70017d78 0x70017d6d 0x70017d62 0x70017d57
A_flk_landing_series,all,16,4,6,10,94,34,?? 1a 70 ?? ?? ?? ?? 01 ?? ?? fb ?? 1a 70 ?? ??,9de9a627:1 a1a5ae5b:1 ffa1d8d1:1 b035377a:1,0x70017d78 0x70017d6d 0x70017d62 0x70017d57
A_flk_landing_series,all,32,4,11,21,183,73,?? 1a 70 ?? ?? ?? ?? 01 ?? ?? fb ?? 1a 70 ?? ?? ?? ?? 01 ?? ?? fb ?? 1a 70 ?? ?? ?? ?? 01 ?? ??,9de9a627:1 a1a5ae5b:1 ffa1d8d1:1 b035377a:1,0x70017d78 0x70017d6d 0x70017d62 0x70017d57
A_flk_landing_series,close,8,4,3,5,46,18,?? 1a 70 ?? ?? ?? ?? 01,9de9a627:1 a1a5ae5b:1 ffa1d8d1:1 b035377a:1,0x70017d78 0x70017d6d 0x70017d62 0x70017d57
A_flk_landing_series,close,16,4,6,10,94,34,?? 1a 70 ?? ?? ?? ?? 01 ?? ?? fb ?? 1a 70 ?? ??,9de9a627:1 a1a5ae5b:1 ffa1d8d1:1 b035377a:1,0x70017d78 0x70017d6d 0x70017d62 0x70017d57
A_flk_landing_series,close,32,4,11,21,183,73,?? 1a 70 ?? ?? ?? ?? 01 ?? ?? fb ?? 1a 70 ?? ?? ?? ?? 01 ?? ?? fb ?? 1a 70 ?? ?? ?? ?? 01 ?? ??,9de9a627:1 a1a5ae5b:1 ffa1d8d1:1 b035377a:1,0x70017d78 0x70017d6d 0x70017d62 0x70017d57
A_flk_landing_series,strong,8,4,3,5,46,18,?? 1a 70 ?? ?? ?? ?? 01,9de9a627:1 a1a5ae5b:1 ffa1d8d1:1 b035377a:1,0x70017d78 0x70017d6d 0x70017d62 0x70017d57
A_flk_landing_series,strong,16,4,6,10,94,34,?? 1a 70 ?? ?? ?? ?? 01 ?? ?? fb ?? 1a 70 ?? ??,9de9a627:1 a1a5ae5b:1 ffa1d8d1:1 b035377a:1,0x70017d78 0x70017d6d 0x70017d62 0x70017d57
A_flk_landing_series,strong,32,4,11,21,183,73,?? 1a 70 ?? ?? ?? ?? 01 ?? ?? fb ?? 1a 70 ?? ?? ?? ?? 01 ?? ?? fb ?? 1a 70 ?? ?? ?? ?? 01 ?? ??,9de9a627:1 a1a5ae5b:1 ffa1d8d1:1 b035377a:1,0x70017d78 0x70017d6d 0x70017d62 0x70017d57
B_flk_landing_series,all,8,10,2,6,42,22,?? ?? 70 ?? ?? ?? ?? 01,190bf18b:1 00392696:1 cd8513a5:1 95003f46:1 5bf07941:1 96d18c91:1,0x70017e3e 0x70017e33 0x70017e28 0x70017e1d 0x70017e12 0x70017e07 0x70017dfc 0x70017df1 0x70017de6 0x70017ddb
B_flk_landing_series,all,16,10,3,13,75,53,?? ?? 70 ?? ?? ?? ?? 01 ?? ?? fa ?? ?? ?? ?? ??,190bf18b:1 00392696:1 cd8513a5:1 95003f46:1 5bf07941:1 96d18c91:1,0x70017e3e 0x70017e33 0x70017e28 0x70017e1d 0x70017e12 0x70017e07 0x70017dfc 0x70017df1 0x70017de6 0x70017ddb
B_flk_landing_series,all,32,10,3,29,105,151,?? ?? 70 ?? ?? ?? ?? 01 ?? ?? fa ?? ?? ?? ?? ?? ?? ?? ?? ?? ?? ?? ?? ?? ?? ?? ?? ?? ?? ?? ?? ??,190bf18b:1 00392696:1 cd8513a5:1 95003f46:1 5bf07941:1 96d18c91:1,0x70017e3e 0x70017e33 0x70017e28 0x70017e1d 0x70017e12 0x70017e07 0x70017dfc 0x70017df1 0x70017de6 0x70017ddb
B_flk_landing_series,close,8,10,2,6,42,22,?? ?? 70 ?? ?? ?? ?? 01,190bf18b:1 00392696:1 cd8513a5:1 95003f46:1 5bf07941:1 96d18c91:1,0x70017e3e 0x70017e33 0x70017e28 0x70017e1d 0x70017e12 0x70017e07 0x70017dfc 0x70017df1 0x70017de6 0x70017ddb
B_flk_landing_series,close,16,10,3,13,75,53,?? ?? 70 ?? ?? ?? ?? 01 ?? ?? fa ?? ?? ?? ?? ??,190bf18b:1 00392696:1 cd8513a5:1 95003f46:1 5bf07941:1 96d18c91:1,0x70017e3e 0x70017e33 0x70017e28 0x70017e1d 0x70017e12 0x70017e07 0x70017dfc 0x70017df1 0x70017de6 0x70017ddb
B_flk_landing_series,close,32,10,3,29,105,151,?? ?? 70 ?? ?? ?? ?? 01 ?? ?? fa ?? ?? ?? ?? ?? ?? ?? ?? ?? ?? ?? ?? ?? ?? ?? ?? ?? ?? ?? ?? ??,190bf18b:1 00392696:1 cd8513a5:1 95003f46:1 5bf07941:1 96d18c91:1,0x70017e3e 0x70017e33 0x70017e28 0x70017e1d 0x70017e12 0x70017e07 0x70017dfc 0x70017df1 0x70017de6 0x70017ddb
B_flk_landing_series,strong,8,10,2,6,42,22,?? ?? 70 ?? ?? ?? ?? 01,190bf18b:1 00392696:1 cd8513a5:1 95003f46:1 5bf07941:1 96d18c91:1,0x70017e3e 0x70017e33 0x70017e28 0x70017e1d 0x70017e12 0x70017e07 0x70017dfc 0x70017df1 0x70017de6 0x70017ddb
B_flk_landing_series,strong,16,10,3,13,75,53,?? ?? 70 ?? ?? ?? ?? 01 ?? ?? fa ?? ?? ?? ?? ??,190bf18b:1 00392696:1 cd8513a5:1 95003f46:1 5bf07941:1 96d18c91:1,0x70017e3e 0x70017e33 0x70017e28 0x70017e1d 0x70017e12 0x70017e07 0x70017dfc 0x70017df1 0x70017de6 0x70017ddb
B_flk_landing_series,strong,32,10,3,29,105,151,?? ?? 70 ?? ?? ?? ?? 01 ?? ?? fa ?? ?? ?? ?? ?? ?? ?? ?? ?? ?? ?? ?? ?? ?? ?? ?? ?? ?? ?? ?? ??,190bf18b:1 00392696:1 cd8513a5:1 95003f46:1 5bf07941:1 96d18c91:1,0x70017e3e 0x70017e33 0x70017e28 0x70017e1d 0x70017e12 0x70017e07 0x70017dfc 0x70017df1 0x70017de6 0x70017ddb
C_flk_control_anchor,all,8,1,8,0,64,0,f4 17 70 f4 e0 82 f9 01,adb9943a:1,0x700169a4
C_flk_control_anchor,all,16,1,16,0,128,0,f4 17 70 f4 e0 82 f9 01 c0 82 82 60 55 82 30 bb,adb9943a:1,0x700169a4
C_flk_control_anchor,all,32,1,32,0,256,0,f4 17 70 f4 e0 82 f9 01 c0 82 82 60 55 82 30 bb 82 40 3d 82 70 4d 82 b0 33 82 50 44 82 1e 8a 16,adb9943a:1,0x700169a4
C_flk_control_anchor,close,8,1,8,0,64,0,f4 17 70 f4 e0 82 f9 01,adb9943a:1,0x700169a4
C_flk_control_anchor,close,16,1,16,0,128,0,f4 17 70 f4 e0 82 f9 01 c0 82 82 60 55 82 30 bb,adb9943a:1,0x700169a4
C_flk_control_anchor,close,32,1,32,0,256,0,f4 17 70 f4 e0 82 f9 01 c0 82 82 60 55 82 30 bb 82 40 3d 82 70 4d 82 b0 33 82 50 44 82 1e 8a 16,adb9943a:1,0x700169a4
C_flk_control_anchor,strong,8,1,8,0,64,0,f4 17 70 f4 e0 82 f9 01,adb9943a:1,0x700169a4
C_flk_control_anchor,strong,16,1,16,0,128,0,f4 17 70 f4 e0 82 f9 01 c0 82 82 60 55 82 30 bb,adb9943a:1,0x700169a4
C_flk_control_anchor,strong,32,1,32,0,256,0,f4 17 70 f4 e0 82 f9 01 c0 82 82 60 55 82 30 bb 82 40 3d 82 70 4d 82 b0 33 82 50 44 82 1e 8a 16,adb9943a:1,0x700169a4
C_flk_landing_series,all,8,10,2,6,39,25,?? ?? 70 ?? ?? ?? ?? 01,44bc0403:1 aef5dad6:1 482b1d47:1 8de76ef5:1 8cf2579c:1 9179f142:1,0x70017cc8 0x70017d2b 0x70017d20 0x70017d15 0x70017d0a 0x70017cff 0x70017cf4 0x70017ce9 0x70017cde 0x70017cd3
C_flk_landing_series,all,16,10,4,12,81,47,?? ?? 70 ?? ?? ?? ?? 01 ?? ?? fb ?? ?? 70 ?? ??,44bc0403:1 aef5dad6:1 482b1d47:1 8de76ef5:1 8cf2579c:1 9179f142:1,0x70017cc8 0x70017d2b 0x70017d20 0x70017d15 0x70017d0a 0x70017cff 0x70017cf4 0x70017ce9 0x70017cde 0x70017cd3
C_flk_landing_series,all,32,10,8,24,157,99,?? ?? 70 ?? ?? ?? ?? 01 ?? ?? fb ?? ?? 70 ?? ?? ?? ?? 01 ?? ?? fb ?? ?? 70 ?? ?? ?? ?? 01 ?? ??,44bc0403:1 aef5dad6:1 482b1d47:1 8de76ef5:1 8cf2579c:1 9179f142:1,0x70017cc8 0x70017d2b 0x70017d20 0x70017d15 0x70017d0a 0x70017cff 0x70017cf4 0x70017ce9 0x70017cde 0x70017cd3
C_flk_landing_series,close,8,10,2,6,39,25,?? ?? 70 ?? ?? ?? ?? 01,44bc0403:1 aef5dad6:1 482b1d47:1 8de76ef5:1 8cf2579c:1 9179f142:1,0x70017cc8 0x70017d2b 0x70017d20 0x70017d15 0x70017d0a 0x70017cff 0x70017cf4 0x70017ce9 0x70017cde 0x70017cd3
C_flk_landing_series,close,16,10,4,12,81,47,?? ?? 70 ?? ?? ?? ?? 01 ?? ?? fb ?? ?? 70 ?? ??,44bc0403:1 aef5dad6:1 482b1d47:1 8de76ef5:1 8cf2579c:1 9179f142:1,0x70017cc8 0x70017d2b 0x70017d20 0x70017d15 0x70017d0a 0x70017cff 0x70017cf4 0x70017ce9 0x70017cde 0x70017cd3
C_flk_landing_series,close,32,10,8,24,157,99,?? ?? 70 ?? ?? ?? ?? 01 ?? ?? fb ?? ?? 70 ?? ?? ?? ?? 01 ?? ?? fb ?? ?? 70 ?? ?? ?? ?? 01 ?? ??,44bc0403:1 aef5dad6:1 482b1d47:1 8de76ef5:1 8cf2579c:1 9179f142:1,0x70017cc8 0x70017d2b 0x70017d20 0x70017d15 0x70017d0a 0x70017cff 0x70017cf4 0x70017ce9 0x70017cde 0x70017cd3
C_flk_landing_series,strong,8,10,2,6,39,25,?? ?? 70 ?? ?? ?? ?? 01,44bc0403:1 aef5dad6:1 482b1d47:1 8de76ef5:1 8cf2579c:1 9179f142:1,0x70017cc8 0x70017d2b 0x70017d20 0x70017d15 0x70017d0a 0x70017cff 0x70017cf4 0x70017ce9 0x70017cde 0x70017cd3
C_flk_landing_series,strong,16,10,4,12,81,47,?? ?? 70 ?? ?? ?? ?? 01 ?? ?? fb ?? ?? 70 ?? ??,44bc0403:1 aef5dad6:1 482b1d47:1 8de76ef5:1 8cf2579c:1 9179f142:1,0x70017cc8 0x70017d2b 0x70017d20 0x70017d15 0x70017d0a 0x70017cff 0x70017cf4 0x70017ce9 0x70017cde 0x70017cd3
C_flk_landing_series,strong,32,10,8,24,157,99,?? ?? 70 ?? ?? ?? ?? 01 ?? ?? fb ?? ?? 70 ?? ?? ?? ?? 01 ?? ?? fb ?? ?? 70 ?? ?? ?? ?? 01 ?? ??,44bc0403:1 aef5dad6:1 482b1d47:1 8de76ef5:1 8cf2579c:1 9179f142:1,0x70017cc8 0x70017d2b 0x70017d20 0x70017d15 0x70017d0a 0x70017cff 0x70017cf4 0x70017ce9 0x70017cde 0x70017cd3
D_ann_generated_stub_family,all,8,31,0,8,26,38,?? ?? ?? ?? ?? ?? ?? ??,f3832e46:27 905eb601:3 dcbc5832:1,0x70081ee7 0x70082aac 0x70082a44 0x700829dc 0x70082974 0x7008290c 0x700828a4 0x7008283c 0x700827d4 0x7008276c 0x70082704 0x7008269c
D_ann_generated_stub_family,all,16,31,0,16,53,75,?? ?? ?? ?? ?? ?? ?? ?? ?? ?? ?? ?? ?? ?? ?? ??,f3832e46:27 905eb601:3 dcbc5832:1,0x70081ee7 0x70082aac 0x70082a44 0x700829dc 0x70082974 0x7008290c 0x700828a4 0x7008283c 0x700827d4 0x7008276c 0x70082704 0x7008269c
D_ann_generated_stub_family,all,32,31,0,32,121,135,?? ?? ?? ?? ?? ?? ?? ?? ?? ?? ?? ?? ?? ?? ?? ?? ?? ?? ?? ?? ?? ?? ?? ?? ?? ?? ?? ?? ?? ?? ?? ??,f3832e46:27 905eb601:3 dcbc5832:1,0x70081ee7 0x70082aac 0x70082a44 0x700829dc 0x70082974 0x7008290c 0x700828a4 0x7008283c 0x700827d4 0x7008276c 0x70082704 0x7008269c
D_ann_generated_stub_family,close,8,14,0,8,37,27,?? ?? ?? ?? ?? ?? ?? ??,f3832e46:11 905eb601:3,0x70082aac 0x70082a44 0x700829dc 0x70082974 0x7008290c 0x700828a4 0x7008283c 0x700827d4 0x7008276c 0x70082704 0x70082308 0x70081ec5
D_ann_generated_stub_family,close,16,14,0,16,78,50,?? ?? ?? ?? ?? ?? ?? ?? ?? ?? ?? ?? ?? ?? ?? ??,f3832e46:11 905eb601:3,0x70082aac 0x70082a44 0x700829dc 0x70082974 0x7008290c 0x700828a4 0x7008283c 0x700827d4 0x7008276c 0x70082704 0x70082308 0x70081ec5
D_ann_generated_stub_family,close,32,14,0,32,147,109,?? ?? ?? ?? ?? ?? ?? ?? ?? ?? ?? ?? ?? ?? ?? ?? ?? ?? ?? ?? ?? ?? ?? ?? ?? ?? ?? ?? ?? ?? ?? ??,f3832e46:11 905eb601:3,0x70082aac 0x70082a44 0x700829dc 0x70082974 0x7008290c 0x700828a4 0x7008283c 0x700827d4 0x7008276c 0x70082704 0x70082308 0x70081ec5
D_ann_generated_stub_family,exact,8,9,2,6,45,19,?? b0 ?? 03 ?? ?? ?? ??,f3832e46:8 dcbc5832:1,0x70081ee7 0x70082293 0x7008221e 0x700821a8 0x70082133 0x700820be 0x70082048 0x70081fd3 0x70081f5e
D_ann_generated_stub_family,exact,16,9,4,12,88,40,?? b0 ?? 03 ?? ?? ?? ?? ?? ?? ?? ?? ?? ?? 04 02,f3832e46:8 dcbc5832:1,0x70081ee7 0x70082293 0x7008221e 0x700821a8 0x70082133 0x700820be 0x70082048 0x70081fd3 0x70081f5e
D_ann_generated_stub_family,exact,32,9,16,16,200,56,?? b0 ?? 03 ?? ?? ?? ?? ?? ?? ?? ?? ?? ?? 04 02 f0 20 00 f0 20 00 ?? ?? ?? ?? 02 0d a0 a8 74 a0,f3832e46:8 dcbc5832:1,0x70081ee7 0x70082293 0x7008221e 0x700821a8 0x70082133 0x700820be 0x70082048 0x70081fd3 0x70081f5e
D_ann_generated_stub_family,far,8,8,8,0,64,0,ce b0 01 03 98 fc 00 08,f3832e46:8,0x7008269c 0x70082634 0x700825cc 0x70082557 0x700824e2 0x7008246b 0x700823f4 0x7008237f
D_ann_generated_stub_family,far,16,8,16,0,128,0,ce b0 01 03 98 fc 00 08 08 02 40 02 40 08 04 02,f3832e46:8,0x7008269c 0x70082634 0x700825cc 0x70082557 0x700824e2 0x7008246b 0x700823f4 0x7008237f
D_ann_generated_stub_family,far,32,8,29,3,242,14,ce b0 01 03 98 fc 00 08 08 02 40 02 40 08 04 02 f0 20 00 f0 20 00 ?? ?? ?? 92 02 0d a0 a8 74 a0,f3832e46:8,0x7008269c 0x70082634 0x700825cc 0x70082557 0x700824e2 0x7008246b 0x700823f4 0x7008237f
D_ann_generated_stub_family,strong,8,23,0,8,26,38,?? ?? ?? ?? ?? ?? ?? ??,f3832e46:19 905eb601:3 dcbc5832:1,0x70081ee7 0x70082aac 0x70082a44 0x700829dc 0x70082974 0x7008290c 0x700828a4 0x7008283c 0x700827d4 0x7008276c 0x70082704 0x70082308
D_ann_generated_stub_family,strong,16,23,0,16,53,75,?? ?? ?? ?? ?? ?? ?? ?? ?? ?? ?? ?? ?? ?? ?? ??,f3832e46:19 905eb601:3 dcbc5832:1,0x70081ee7 0x70082aac 0x70082a44 0x700829dc 0x70082974 0x7008290c 0x700828a4 0x7008283c 0x700827d4 0x7008276c 0x70082704 0x70082308
D_ann_generated_stub_family,strong,32,23,0,32,121,135,?? ?? ?? ?? ?? ?? ?? ?? ?? ?? ?? ?? ?? ?? ?? ?? ?? ?? ?? ?? ?? ?? ?? ?? ?? ?? ?? ?? ?? ?? ?? ??,f3832e46:19 905eb601:3 dcbc5832:1,0x70081ee7 0x70082aac 0x70082a44 0x700829dc 0x70082974 0x7008290c 0x700828a4 0x7008283c 0x700827d4 0x7008276c 0x70082704 0x70082308
