source_region,source,kind,raw,target,target_region,target_prop_addr,target_prop_size,target_prop_flags,nearest_anchor_distance,score,confidence,reasons,note
flk_dense,0x70016d8d,loop,768217,0x70016da8,flk_dense,0x70016bb0,0x35e,insn|data|branch_target|no_reorder|no_transform,133,32,high,target_in_text;target_in_flk_dense;target_has_prop:0x35e:insn|data|branch_target|no_reorder|no_transform;target_prop_control;target_prop_insn,standard LOOP-family byte pattern
flk_dense,0x70017547,j,060402,0x70017d58,flk_dense,0x70017d57,0xb,insn|data|no_reorder|no_transform,1,31,medium,target_in_text;target_in_flk_dense;target_has_prop:0xb:insn|data|no_reorder|no_transform;target_prop_insn;target_at_or_adjacent_anchor:1,standard J candidate
flk_dense,0x700174ee,j,060402,0x70017d00,flk_dense,0x70017cff,0xb,insn|data|no_reorder|no_transform,1,31,medium,target_in_text;target_in_flk_dense;target_has_prop:0xb:insn|data|no_reorder|no_transform;target_prop_insn;target_at_or_adjacent_anchor:1,standard J candidate
flk_dense,0x700174be,j,060402,0x70017cd0,flk_dense,0x70017cc8,0xb,insn|data|no_reorder|no_transform,1,31,medium,target_in_text;target_in_flk_dense;target_has_prop:0xb:insn|data|no_reorder|no_transform;target_prop_insn;target_at_or_adjacent_anchor:1,standard J candidate
flk_dense,0x70017c39,bnez,56ca20,0x70017e49,flk_dense,0x70017e49,0x4,insn|data|branch_target|no_reorder|no_transform,11,29,medium,target_in_text;target_in_flk_dense;target_has_prop:0x4:insn|data|branch_target|no_reorder|no_transform;target_prop_control;target_prop_insn,standard long zero-branch candidate
flk_dense,0x700179f5,bnez,568300,0x70017a01,flk_dense,0x70017a01,0x83,insn|data|branch_target|no_reorder|no_transform,370,29,medium,target_in_text;target_in_flk_dense;target_has_prop:0x83:insn|data|branch_target|no_reorder|no_transform;target_prop_control;target_prop_insn,standard long zero-branch candidate
flk_dense,0x7001797f,bnez,566a4c,0x70017e49,flk_dense,0x70017e49,0x4,insn|data|branch_target|no_reorder|no_transform,11,29,medium,target_in_text;target_in_flk_dense;target_has_prop:0x4:insn|data|branch_target|no_reorder|no_transform;target_prop_control;target_prop_insn,standard long zero-branch candidate
flk_dense,0x7001796b,j,062200,0x700179f4,flk_dense,0x70017930,0xd1,insn|data|branch_target|no_reorder|no_transform,383,29,medium,target_in_text;target_in_flk_dense;target_has_prop:0xd1:insn|data|branch_target|no_reorder|no_transform;target_prop_control;target_prop_insn,standard J candidate
flk_dense,0x70017960,j,060402,0x70018174,flk_dense,0x70018157,0x2b,insn|data|branch_target|no_reorder|no_transform,822,29,medium,target_in_text;target_in_flk_dense;target_has_prop:0x2b:insn|data|branch_target|no_reorder|no_transform;target_prop_control;target_prop_insn,standard J candidate
flk_dense,0x7001793d,j,060402,0x70018150,flk_dense,0x70018128,0x2f,insn|data|branch_target|no_reorder|no_transform,786,29,medium,target_in_text;target_in_flk_dense;target_has_prop:0x2f:insn|data|branch_target|no_reorder|no_transform;target_prop_control;target_prop_insn,standard J candidate
flk_dense,0x700178ea,j,060402,0x700180fc,flk_dense,0x700180f9,0x2f,insn|data|branch_target|no_reorder|no_transform,702,29,medium,target_in_text;target_in_flk_dense;target_has_prop:0x2f:insn|data|branch_target|no_reorder|no_transform;target_prop_control;target_prop_insn,standard J candidate
flk_dense,0x700178ab,j,060402,0x700180bc,flk_dense,0x700180a4,0x2b,insn|data|branch_target|no_reorder|no_transform,638,29,medium,target_in_text;target_in_flk_dense;target_has_prop:0x2b:insn|data|branch_target|no_reorder|no_transform;target_prop_control;target_prop_insn,standard J candidate
flk_dense,0x7001786c,j,060402,0x70018080,flk_dense,0x70018079,0x2b,insn|data|branch_target|no_reorder|no_transform,578,29,medium,target_in_text;target_in_flk_dense;target_has_prop:0x2b:insn|data|branch_target|no_reorder|no_transform;target_prop_control;target_prop_insn,standard J candidate
flk_dense,0x7001782d,j,060402,0x70018040,flk_dense,0x7001801a,0x2f,insn|data|branch_target|no_reorder|no_transform,514,29,medium,target_in_text;target_in_flk_dense;target_has_prop:0x2f:insn|data|branch_target|no_reorder|no_transform;target_prop_control;target_prop_insn,standard J candidate
flk_dense,0x700177ee,j,060402,0x70018000,flk_dense,0x70017feb,0x2f,insn|data|branch_target|no_reorder|no_transform,450,29,medium,target_in_text;target_in_flk_dense;target_has_prop:0x2f:insn|data|branch_target|no_reorder|no_transform;target_prop_control;target_prop_insn,standard J candidate
flk_dense,0x70017750,j,062200,0x700177dc,flk_dense,0x700177c3,0x54,insn|data|branch_target|no_reorder|no_transform,919,29,medium,target_in_text;target_in_flk_dense;target_has_prop:0x54:insn|data|branch_target|no_reorder|no_transform;target_prop_control;target_prop_insn,standard J candidate
flk_dense,0x700176d3,beqz,16115a,0x70017c78,flk_dense,0x70017c70,0x2c,insn|data|branch_target|no_reorder|no_transform,80,29,medium,target_in_text;target_in_flk_dense;target_has_prop:0x2c:insn|data|branch_target|no_reorder|no_transform;target_prop_control;target_prop_insn,standard long zero-branch candidate
flk_dense,0x70017598,j,062200,0x70017624,flk_dense,0x700175e0,0x1e1,insn|data|branch_target|no_reorder|no_transform,1359,29,medium,target_in_text;target_in_flk_dense;target_has_prop:0x1e1:insn|data|branch_target|no_reorder|no_transform;target_prop_control;target_prop_insn,standard J candidate
flk_dense,0x70017555,j,062200,0x700175e0,flk_dense,0x700175e0,0x1e1,insn|data|branch_target|no_reorder|no_transform,1427,29,medium,target_in_text;target_in_flk_dense;target_has_prop:0x1e1:insn|data|branch_target|no_reorder|no_transform;target_prop_control;target_prop_insn,standard J candidate
flk_dense,0x700174ab,j,060402,0x70017cbc,flk_dense,0x70017c9c,0x21,insn|data|branch_target|no_reorder|no_transform,12,29,medium,target_in_text;target_in_flk_dense;target_has_prop:0x21:insn|data|branch_target|no_reorder|no_transform;target_prop_control;target_prop_insn,standard J candidate
flk_dense,0x7001749c,beqz,16793e,0x70017887,flk_dense,0x70017856,0x3f,insn|data|branch_target|no_reorder|no_transform,748,29,medium,target_in_text;target_in_flk_dense;target_has_prop:0x3f:insn|data|branch_target|no_reorder|no_transform;target_prop_control;target_prop_insn,standard long zero-branch candidate
flk_dense,0x7001749b,beqz,161679,0x70017c30,flk_dense,0x70017c30,0x10,insn|data|branch_target|no_reorder|no_transform,152,29,medium,target_in_text;target_in_flk_dense;target_has_prop:0x10:insn|data|branch_target|no_reorder|no_transform;target_prop_control;target_prop_insn,standard long zero-branch candidate
flk_dense,0x70017498,j,060402,0x70017cac,flk_dense,0x70017c9c,0x21,insn|data|branch_target|no_reorder|no_transform,28,29,medium,target_in_text;target_in_flk_dense;target_has_prop:0x21:insn|data|branch_target|no_reorder|no_transform;target_prop_control;target_prop_insn,standard J candidate
flk_dense,0x70017488,j,060402,0x70017c9c,flk_dense,0x70017c9c,0x21,insn|data|branch_target|no_reorder|no_transform,44,29,medium,target_in_text;target_in_flk_dense;target_has_prop:0x21:insn|data|branch_target|no_reorder|no_transform;target_prop_control;target_prop_insn,standard J candidate
flk_dense,0x70017478,j,060402,0x70017c8c,flk_dense,0x70017c70,0x2c,insn|data|branch_target|no_reorder|no_transform,60,29,medium,target_in_text;target_in_flk_dense;target_has_prop:0x2c:insn|data|branch_target|no_reorder|no_transform;target_prop_control;target_prop_insn,standard J candidate
flk_dense,0x70017448,j,060402,0x70017c5c,flk_dense,0x70017c40,0x21,insn|data|branch_target|no_reorder|no_transform,108,29,medium,target_in_text;target_in_flk_dense;target_has_prop:0x21:insn|data|branch_target|no_reorder|no_transform;target_prop_control;target_prop_insn,standard J candidate
flk_dense,0x70017405,j,060402,0x70017c18,flk_dense,0x70017b81,0xaf,insn|data|branch_target|no_reorder|no_transform,165,29,medium,target_in_text;target_in_flk_dense;target_has_prop:0xaf:insn|data|branch_target|no_reorder|no_transform;target_prop_control;target_prop_insn,standard J candidate
flk_dense,0x700173d2,j,060402,0x70017be4,flk_dense,0x70017b81,0xaf,insn|data|branch_target|no_reorder|no_transform,113,29,medium,target_in_text;target_in_flk_dense;target_has_prop:0xaf:insn|data|branch_target|no_reorder|no_transform;target_prop_control;target_prop_insn,standard J candidate
flk_dense,0x700173b7,j,060402,0x70017bc8,flk_dense,0x70017b81,0xaf,insn|data|branch_target|no_reorder|no_transform,85,29,medium,target_in_text;target_in_flk_dense;target_has_prop:0xaf:insn|data|branch_target|no_reorder|no_transform;target_prop_control;target_prop_insn,standard J candidate
flk_dense,0x7001734b,j,060402,0x70017b5c,flk_dense,0x70017a84,0xfd,insn|data|branch_target|no_reorder|no_transform,23,29,medium,target_in_text;target_in_flk_dense;target_has_prop:0xfd:insn|data|branch_target|no_reorder|no_transform;target_prop_control;target_prop_insn,standard J candidate
flk_dense,0x70017338,j,060402,0x70017b4c,flk_dense,0x70017a84,0xfd,insn|data|branch_target|no_reorder|no_transform,39,29,medium,target_in_text;target_in_flk_dense;target_has_prop:0xfd:insn|data|branch_target|no_reorder|no_transform;target_prop_control;target_prop_insn,standard J candidate
flk_dense,0x70017328,j,060402,0x70017b3c,flk_dense,0x70017a84,0xfd,insn|data|branch_target|no_reorder|no_transform,55,29,medium,target_in_text;target_in_flk_dense;target_has_prop:0xfd:insn|data|branch_target|no_reorder|no_transform;target_prop_control;target_prop_insn,standard J candidate
flk_dense,0x70017300,j,060402,0x70017b14,flk_dense,0x70017a84,0xfd,insn|data|branch_target|no_reorder|no_transform,95,29,medium,target_in_text;target_in_flk_dense;target_has_prop:0xfd:insn|data|branch_target|no_reorder|no_transform;target_prop_control;target_prop_insn,standard J candidate
flk_dense,0x70017282,j,060402,0x70017a94,flk_dense,0x70017a84,0xfd,insn|data|branch_target|no_reorder|no_transform,223,29,medium,target_in_text;target_in_flk_dense;target_has_prop:0xfd:insn|data|branch_target|no_reorder|no_transform;target_prop_control;target_prop_insn,standard J candidate
flk_dense,0x7001726a,j,060402,0x70017a7c,flk_dense,0x70017a01,0x83,insn|data|branch_target|no_reorder|no_transform,247,29,medium,target_in_text;target_in_flk_dense;target_has_prop:0x83:insn|data|branch_target|no_reorder|no_transform;target_prop_control;target_prop_insn,standard J candidate
flk_dense,0x70017229,j,060402,0x70017a3c,flk_dense,0x70017a01,0x83,insn|data|branch_target|no_reorder|no_transform,311,29,medium,target_in_text;target_in_flk_dense;target_has_prop:0x83:insn|data|branch_target|no_reorder|no_transform;target_prop_control;target_prop_insn,standard J candidate
flk_dense,0x700171f3,j,060402,0x70017a04,flk_dense,0x70017a01,0x83,insn|data|branch_target|no_reorder|no_transform,367,29,medium,target_in_text;target_in_flk_dense;target_has_prop:0x83:insn|data|branch_target|no_reorder|no_transform;target_prop_control;target_prop_insn,standard J candidate
flk_dense,0x700171d8,j,060402,0x700179ec,flk_dense,0x70017930,0xd1,insn|data|branch_target|no_reorder|no_transform,391,29,medium,target_in_text;target_in_flk_dense;target_has_prop:0xd1:insn|data|branch_target|no_reorder|no_transform;target_prop_control;target_prop_insn,standard J candidate
flk_dense,0x700171c8,j,060402,0x700179dc,flk_dense,0x70017930,0xd1,insn|data|branch_target|no_reorder|no_transform,407,29,medium,target_in_text;target_in_flk_dense;target_has_prop:0xd1:insn|data|branch_target|no_reorder|no_transform;target_prop_control;target_prop_insn,standard J candidate
flk_dense,0x700171b8,j,060402,0x700179cc,flk_dense,0x70017930,0xd1,insn|data|branch_target|no_reorder|no_transform,423,29,medium,target_in_text;target_in_flk_dense;target_has_prop:0xd1:insn|data|branch_target|no_reorder|no_transform;target_prop_control;target_prop_insn,standard J candidate
flk_dense,0x70017198,j,060402,0x700179ac,flk_dense,0x70017930,0xd1,insn|data|branch_target|no_reorder|no_transform,455,29,medium,target_in_text;target_in_flk_dense;target_has_prop:0xd1:insn|data|branch_target|no_reorder|no_transform;target_prop_control;target_prop_insn,standard J candidate
flk_dense,0x70017188,j,060402,0x7001799c,flk_dense,0x70017930,0xd1,insn|data|branch_target|no_reorder|no_transform,471,29,medium,target_in_text;target_in_flk_dense;target_has_prop:0xd1:insn|data|branch_target|no_reorder|no_transform;target_prop_control;target_prop_insn,standard J candidate
flk_dense,0x70017170,j,060402,0x70017984,flk_dense,0x70017930,0xd1,insn|data|branch_target|no_reorder|no_transform,495,29,medium,target_in_text;target_in_flk_dense;target_has_prop:0xd1:insn|data|branch_target|no_reorder|no_transform;target_prop_control;target_prop_insn,standard J candidate
flk_dense,0x70017160,j,060402,0x70017974,flk_dense,0x70017930,0xd1,insn|data|branch_target|no_reorder|no_transform,511,29,medium,target_in_text;target_in_flk_dense;target_has_prop:0xd1:insn|data|branch_target|no_reorder|no_transform;target_prop_control;target_prop_insn,standard J candidate
flk_dense,0x70017150,j,060402,0x70017964,flk_dense,0x70017930,0xd1,insn|data|branch_target|no_reorder|no_transform,527,29,medium,target_in_text;target_in_flk_dense;target_has_prop:0xd1:insn|data|branch_target|no_reorder|no_transform;target_prop_control;target_prop_insn,standard J candidate
flk_dense,0x70017140,j,060402,0x70017954,flk_dense,0x70017930,0xd1,insn|data|branch_target|no_reorder|no_transform,543,29,medium,target_in_text;target_in_flk_dense;target_has_prop:0xd1:insn|data|branch_target|no_reorder|no_transform;target_prop_control;target_prop_insn,standard J candidate
flk_dense,0x70017130,j,060402,0x70017944,flk_dense,0x70017930,0xd1,insn|data|branch_target|no_reorder|no_transform,559,29,medium,target_in_text;target_in_flk_dense;target_has_prop:0xd1:insn|data|branch_target|no_reorder|no_transform;target_prop_control;target_prop_insn,standard J candidate
flk_dense,0x70017100,j,060402,0x70017914,flk_dense,0x70017913,0x1d,insn|data|branch_target|no_reorder|no_transform,607,29,medium,target_in_text;target_in_flk_dense;target_has_prop:0x1d:insn|data|branch_target|no_reorder|no_transform;target_prop_control;target_prop_insn,standard J candidate
flk_dense,0x700170f0,j,060402,0x70017904,flk_dense,0x700178d4,0x3f,insn|data|branch_target|no_reorder|no_transform,623,29,medium,target_in_text;target_in_flk_dense;target_has_prop:0x3f:insn|data|branch_target|no_reorder|no_transform;target_prop_control;target_prop_insn,standard J candidate
flk_dense,0x700170d7,j,06e400,0x70017468,flk_dense,0x70016f0e,0x5f6,insn|data|loop_target|no_reorder|no_transform,1595,29,medium,target_in_text;target_in_flk_dense;target_has_prop:0x5f6:insn|data|loop_target|no_reorder|no_transform;target_prop_control;target_prop_insn,standard J candidate
flk_dense,0x700170b8,j,060402,0x700178cc,flk_dense,0x70017895,0x3f,insn|data|branch_target|no_reorder|no_transform,679,29,medium,target_in_text;target_in_flk_dense;target_has_prop:0x3f:insn|data|branch_target|no_reorder|no_transform;target_prop_control;target_prop_insn,standard J candidate
flk_dense,0x700170a8,j,060402,0x700178bc,flk_dense,0x70017895,0x3f,insn|data|branch_target|no_reorder|no_transform,695,29,medium,target_in_text;target_in_flk_dense;target_has_prop:0x3f:insn|data|branch_target|no_reorder|no_transform;target_prop_control;target_prop_insn,standard J candidate
flk_dense,0x70017098,j,060402,0x700178ac,flk_dense,0x70017895,0x3f,insn|data|branch_target|no_reorder|no_transform,711,29,medium,target_in_text;target_in_flk_dense;target_has_prop:0x3f:insn|data|branch_target|no_reorder|no_transform;target_prop_control;target_prop_insn,standard J candidate
flk_dense,0x7001707f,j,060402,0x70017890,flk_dense,0x70017856,0x3f,insn|data|branch_target|no_reorder|no_transform,739,29,medium,target_in_text;target_in_flk_dense;target_has_prop:0x3f:insn|data|branch_target|no_reorder|no_transform;target_prop_control;target_prop_insn,standard J candidate
flk_dense,0x70017064,j,060402,0x70017878,flk_dense,0x70017856,0x3f,insn|data|branch_target|no_reorder|no_transform,763,29,medium,target_in_text;target_in_flk_dense;target_has_prop:0x3f:insn|data|branch_target|no_reorder|no_transform;target_prop_control;target_prop_insn,standard J candidate
flk_dense,0x70017054,j,060402,0x70017868,flk_dense,0x70017856,0x3f,insn|data|branch_target|no_reorder|no_transform,779,29,medium,target_in_text;target_in_flk_dense;target_has_prop:0x3f:insn|data|branch_target|no_reorder|no_transform;target_prop_control;target_prop_insn,standard J candidate
flk_dense,0x70017044,j,060402,0x70017858,flk_dense,0x70017856,0x3f,insn|data|branch_target|no_reorder|no_transform,795,29,medium,target_in_text;target_in_flk_dense;target_has_prop:0x3f:insn|data|branch_target|no_reorder|no_transform;target_prop_control;target_prop_insn,standard J candidate
flk_dense,0x70017024,j,060402,0x70017838,flk_dense,0x70017817,0x3f,insn|data|branch_target|no_reorder|no_transform,827,29,medium,target_in_text;target_in_flk_dense;target_has_prop:0x3f:insn|data|branch_target|no_reorder|no_transform;target_prop_control;target_prop_insn,standard J candidate
flk_dense,0x7001701a,bnez,565dc6,0x70016c83,flk_dense,0x70016bb0,0x35e,insn|data|branch_target|no_reorder|no_transform,426,29,medium,target_in_text;target_in_flk_dense;target_has_prop:0x35e:insn|data|branch_target|no_reorder|no_transform;target_prop_control;target_prop_insn,standard long zero-branch candidate
flk_dense,0x70017004,j,060402,0x70017818,flk_dense,0x70017817,0x3f,insn|data|branch_target|no_reorder|no_transform,859,29,medium,target_in_text;target_in_flk_dense;target_has_prop:0x3f:insn|data|branch_target|no_reorder|no_transform;target_prop_control;target_prop_insn,standard J candidate
flk_dense,0x70016ff4,j,060402,0x70017808,flk_dense,0x700177c3,0x54,insn|data|branch_target|no_reorder|no_transform,875,29,medium,target_in_text;target_in_flk_dense;target_has_prop:0x54:insn|data|branch_target|no_reorder|no_transform;target_prop_control;target_prop_insn,standard J candidate
flk_dense,0x70016fa4,j,060402,0x700177b8,flk_dense,0x700175e0,0x1e1,insn|data|branch_target|no_reorder|no_transform,955,29,medium,target_in_text;target_in_flk_dense;target_has_prop:0x1e1:insn|data|branch_target|no_reorder|no_transform;target_prop_control;target_prop_insn,standard J candidate
flk_dense,0x70016f84,j,060402,0x70017798,flk_dense,0x700175e0,0x1e1,insn|data|branch_target|no_reorder|no_transform,987,29,medium,target_in_text;target_in_flk_dense;target_has_prop:0x1e1:insn|data|branch_target|no_reorder|no_transform;target_prop_control;target_prop_insn,standard J candidate
flk_dense,0x70016f64,j,060402,0x70017778,flk_dense,0x700175e0,0x1e1,insn|data|branch_target|no_reorder|no_transform,1019,29,medium,target_in_text;target_in_flk_dense;target_has_prop:0x1e1:insn|data|branch_target|no_reorder|no_transform;target_prop_control;target_prop_insn,standard J candidate
flk_dense,0x70016f4c,j,060402,0x70017760,flk_dense,0x700175e0,0x1e1,insn|data|branch_target|no_reorder|no_transform,1043,29,medium,target_in_text;target_in_flk_dense;target_has_prop:0x1e1:insn|data|branch_target|no_reorder|no_transform;target_prop_control;target_prop_insn,standard J candidate
flk_dense,0x70016f34,j,060402,0x70017748,flk_dense,0x700175e0,0x1e1,insn|data|branch_target|no_reorder|no_transform,1067,29,medium,target_in_text;target_in_flk_dense;target_has_prop:0x1e1:insn|data|branch_target|no_reorder|no_transform;target_prop_control;target_prop_insn,standard J candidate
flk_dense,0x70016f24,j,060402,0x70017738,flk_dense,0x700175e0,0x1e1,insn|data|branch_target|no_reorder|no_transform,1083,29,medium,target_in_text;target_in_flk_dense;target_has_prop:0x1e1:insn|data|branch_target|no_reorder|no_transform;target_prop_control;target_prop_insn,standard J candidate
flk_dense,0x70016edf,j,060402,0x700176f0,flk_dense,0x700175e0,0x1e1,insn|data|branch_target|no_reorder|no_transform,1155,29,medium,target_in_text;target_in_flk_dense;target_has_prop:0x1e1:insn|data|branch_target|no_reorder|no_transform;target_prop_control;target_prop_insn,standard J candidate
flk_dense,0x70016ecf,j,060402,0x700176e0,flk_dense,0x700175e0,0x1e1,insn|data|branch_target|no_reorder|no_transform,1171,29,medium,target_in_text;target_in_flk_dense;target_has_prop:0x1e1:insn|data|branch_target|no_reorder|no_transform;target_prop_control;target_prop_insn,standard J candidate
flk_dense,0x70016eb7,j,060402,0x700176c8,flk_dense,0x700175e0,0x1e1,insn|data|branch_target|no_reorder|no_transform,1195,29,medium,target_in_text;target_in_flk_dense;target_has_prop:0x1e1:insn|data|branch_target|no_reorder|no_transform;target_prop_control;target_prop_insn,standard J candidate
flk_dense,0x70016e87,j,060402,0x70017698,flk_dense,0x700175e0,0x1e1,insn|data|branch_target|no_reorder|no_transform,1243,29,medium,target_in_text;target_in_flk_dense;target_has_prop:0x1e1:insn|data|branch_target|no_reorder|no_transform;target_prop_control;target_prop_insn,standard J candidate
flk_dense,0x70016e77,j,060402,0x70017688,flk_dense,0x700175e0,0x1e1,insn|data|branch_target|no_reorder|no_transform,1259,29,medium,target_in_text;target_in_flk_dense;target_has_prop:0x1e1:insn|data|branch_target|no_reorder|no_transform;target_prop_control;target_prop_insn,standard J candidate
flk_dense,0x70016e27,j,060402,0x70017638,flk_dense,0x700175e0,0x1e1,insn|data|branch_target|no_reorder|no_transform,1339,29,medium,target_in_text;target_in_flk_dense;target_has_prop:0x1e1:insn|data|branch_target|no_reorder|no_transform;target_prop_control;target_prop_insn,standard J candidate
flk_dense,0x70016e17,j,060402,0x70017628,flk_dense,0x700175e0,0x1e1,insn|data|branch_target|no_reorder|no_transform,1355,29,medium,target_in_text;target_in_flk_dense;target_has_prop:0x1e1:insn|data|branch_target|no_reorder|no_transform;target_prop_control;target_prop_insn,standard J candidate
flk_dense,0x70016df7,j,060402,0x70017608,flk_dense,0x700175e0,0x1e1,insn|data|branch_target|no_reorder|no_transform,1387,29,medium,target_in_text;target_in_flk_dense;target_has_prop:0x1e1:insn|data|branch_target|no_reorder|no_transform;target_prop_control;target_prop_insn,standard J candidate
flk_dense,0x70016de7,j,060402,0x700175f8,flk_dense,0x700175e0,0x1e1,insn|data|branch_target|no_reorder|no_transform,1403,29,medium,target_in_text;target_in_flk_dense;target_has_prop:0x1e1:insn|data|branch_target|no_reorder|no_transform;target_prop_control;target_prop_insn,standard J candidate
flk_dense,0x70016dd7,j,060402,0x700175e8,flk_dense,0x700175e0,0x1e1,insn|data|branch_target|no_reorder|no_transform,1419,29,medium,target_in_text;target_in_flk_dense;target_has_prop:0x1e1:insn|data|branch_target|no_reorder|no_transform;target_prop_control;target_prop_insn,standard J candidate
flk_dense,0x70016dbf,j,060402,0x700175d0,flk_dense,0x70017504,0xdc,insn|data|branch_target|no_reorder|no_transform,1443,29,medium,target_in_text;target_in_flk_dense;target_has_prop:0xdc:insn|data|branch_target|no_reorder|no_transform;target_prop_control;target_prop_insn,standard J candidate
flk_dense,0x70016d8a,j,060402,0x7001759c,flk_dense,0x70017504,0xdc,insn|data|branch_target|no_reorder|no_transform,1495,29,medium,target_in_text;target_in_flk_dense;target_has_prop:0xdc:insn|data|branch_target|no_reorder|no_transform;target_prop_control;target_prop_insn,standard J candidate
flk_dense,0x70016d7a,j,060402,0x7001758c,flk_dense,0x70017504,0xdc,insn|data|branch_target|no_reorder|no_transform,1511,29,medium,target_in_text;target_in_flk_dense;target_has_prop:0xdc:insn|data|branch_target|no_reorder|no_transform;target_prop_control;target_prop_insn,standard J candidate
flk_dense,0x70016d6a,j,060402,0x7001757c,flk_dense,0x70017504,0xdc,insn|data|branch_target|no_reorder|no_transform,1527,29,medium,target_in_text;target_in_flk_dense;target_has_prop:0xdc:insn|data|branch_target|no_reorder|no_transform;target_prop_control;target_prop_insn,standard J candidate
flk_dense,0x70016d5a,j,060402,0x7001756c,flk_dense,0x70017504,0xdc,insn|data|branch_target|no_reorder|no_transform,1543,29,medium,target_in_text;target_in_flk_dense;target_has_prop:0xdc:insn|data|branch_target|no_reorder|no_transform;target_prop_control;target_prop_insn,standard J candidate
flk_dense,0x70016d2c,j,060402,0x70017540,flk_dense,0x70017504,0xdc,insn|data|branch_target|no_reorder|no_transform,1587,29,medium,target_in_text;target_in_flk_dense;target_has_prop:0xdc:insn|data|branch_target|no_reorder|no_transform;target_prop_control;target_prop_insn,standard J candidate
flk_dense,0x70016d0c,j,060402,0x70017520,flk_dense,0x70017504,0xdc,insn|data|branch_target|no_reorder|no_transform,1619,29,medium,target_in_text;target_in_flk_dense;target_has_prop:0xdc:insn|data|branch_target|no_reorder|no_transform;target_prop_control;target_prop_insn,standard J candidate
flk_dense,0x70016d02,bnez,565e64,0x7001734b,flk_dense,0x70016f0e,0x5f6,insn|data|loop_target|no_reorder|no_transform,1310,29,medium,target_in_text;target_in_flk_dense;target_has_prop:0x5f6:insn|data|loop_target|no_reorder|no_transform;target_prop_control;target_prop_insn,standard long zero-branch candidate
flk_dense,0x70016cfc,j,060402,0x70017510,flk_dense,0x70017504,0xdc,insn|data|branch_target|no_reorder|no_transform,1635,29,medium,target_in_text;target_in_flk_dense;target_has_prop:0xdc:insn|data|branch_target|no_reorder|no_transform;target_prop_control;target_prop_insn,standard J candidate
flk_dense,0x70016ccc,j,060402,0x700174e0,flk_dense,0x70016f0e,0x5f6,insn|data|loop_target|no_reorder|no_transform,1683,29,medium,target_in_text;target_in_flk_dense;target_has_prop:0x5f6:insn|data|loop_target|no_reorder|no_transform;target_prop_control;target_prop_insn,standard J candidate
flk_dense,0x70016cb9,j,060402,0x700174cc,flk_dense,0x70016f0e,0x5f6,insn|data|loop_target|no_reorder|no_transform,1695,29,medium,target_in_text;target_in_flk_dense;target_has_prop:0x5f6:insn|data|loop_target|no_reorder|no_transform;target_prop_control;target_prop_insn,standard J candidate
flk_dense,0x70016ca9,j,060402,0x700174bc,flk_dense,0x70016f0e,0x5f6,insn|data|loop_target|no_reorder|no_transform,1679,29,medium,target_in_text;target_in_flk_dense;target_has_prop:0x5f6:insn|data|loop_target|no_reorder|no_transform;target_prop_control;target_prop_insn,standard J candidate
flk_dense,0x70016c6c,j,060402,0x70017480,flk_dense,0x70016f0e,0x5f6,insn|data|loop_target|no_reorder|no_transform,1619,29,medium,target_in_text;target_in_flk_dense;target_has_prop:0x5f6:insn|data|loop_target|no_reorder|no_transform;target_prop_control;target_prop_insn,standard J candidate
flk_dense,0x70016c5c,j,060402,0x70017470,flk_dense,0x70016f0e,0x5f6,insn|data|loop_target|no_reorder|no_transform,1603,29,medium,target_in_text;target_in_flk_dense;target_has_prop:0x5f6:insn|data|loop_target|no_reorder|no_transform;target_prop_control;target_prop_insn,standard J candidate
flk_dense,0x70016c4c,j,060402,0x70017460,flk_dense,0x70016f0e,0x5f6,insn|data|loop_target|no_reorder|no_transform,1587,29,medium,target_in_text;target_in_flk_dense;target_has_prop:0x5f6:insn|data|loop_target|no_reorder|no_transform;target_prop_control;target_prop_insn,standard J candidate
flk_dense,0x70016c2c,j,060402,0x70017440,flk_dense,0x70016f0e,0x5f6,insn|data|loop_target|no_reorder|no_transform,1555,29,medium,target_in_text;target_in_flk_dense;target_has_prop:0x5f6:insn|data|loop_target|no_reorder|no_transform;target_prop_control;target_prop_insn,standard J candidate
flk_dense,0x70016bfc,j,060402,0x70017410,flk_dense,0x70016f0e,0x5f6,insn|data|loop_target|no_reorder|no_transform,1507,29,medium,target_in_text;target_in_flk_dense;target_has_prop:0x5f6:insn|data|loop_target|no_reorder|no_transform;target_prop_control;target_prop_insn,standard J candidate
flk_dense,0x70016bec,j,060402,0x70017400,flk_dense,0x70016f0e,0x5f6,insn|data|loop_target|no_reorder|no_transform,1491,29,medium,target_in_text;target_in_flk_dense;target_has_prop:0x5f6:insn|data|loop_target|no_reorder|no_transform;target_prop_control;target_prop_insn,standard J candidate
flk_dense,0x70016bdc,j,060402,0x700173f0,flk_dense,0x70016f0e,0x5f6,insn|data|loop_target|no_reorder|no_transform,1475,29,medium,target_in_text;target_in_flk_dense;target_has_prop:0x5f6:insn|data|loop_target|no_reorder|no_transform;target_prop_control;target_prop_insn,standard J candidate
flk_dense,0x70016bbd,j,060402,0x700173d0,flk_dense,0x70016f0e,0x5f6,insn|data|loop_target|no_reorder|no_transform,1443,29,medium,target_in_text;target_in_flk_dense;target_has_prop:0x5f6:insn|data|loop_target|no_reorder|no_transform;target_prop_control;target_prop_insn,standard J candidate
flk_dense,0x70016b85,j,060402,0x70017398,flk_dense,0x70016f0e,0x5f6,insn|data|loop_target|no_reorder|no_transform,1387,29,medium,target_in_text;target_in_flk_dense;target_has_prop:0x5f6:insn|data|loop_target|no_reorder|no_transform;target_prop_control;target_prop_insn,standard J candidate
flk_dense,0x70016b4e,j,060402,0x70017360,flk_dense,0x70016f0e,0x5f6,insn|data|loop_target|no_reorder|no_transform,1331,29,medium,target_in_text;target_in_flk_dense;target_has_prop:0x5f6:insn|data|loop_target|no_reorder|no_transform;target_prop_control;target_prop_insn,standard J candidate
flk_dense,0x70016b35,j,060402,0x70017348,flk_dense,0x70016f0e,0x5f6,insn|data|loop_target|no_reorder|no_transform,1307,29,medium,target_in_text;target_in_flk_dense;target_has_prop:0x5f6:insn|data|loop_target|no_reorder|no_transform;target_prop_control;target_prop_insn,standard J candidate
flk_dense,0x70016b1d,j,060402,0x70017330,flk_dense,0x70016f0e,0x5f6,insn|data|loop_target|no_reorder|no_transform,1283,29,medium,target_in_text;target_in_flk_dense;target_has_prop:0x5f6:insn|data|loop_target|no_reorder|no_transform;target_prop_control;target_prop_insn,standard J candidate
flk_dense,0x70016b04,j,060402,0x70017318,flk_dense,0x70016f0e,0x5f6,insn|data|loop_target|no_reorder|no_transform,1259,29,medium,target_in_text;target_in_flk_dense;target_has_prop:0x5f6:insn|data|loop_target|no_reorder|no_transform;target_prop_control;target_prop_insn,standard J candidate
flk_dense,0x70016aed,j,060402,0x70017300,flk_dense,0x70016f0e,0x5f6,insn|data|loop_target|no_reorder|no_transform,1235,29,medium,target_in_text;target_in_flk_dense;target_has_prop:0x5f6:insn|data|loop_target|no_reorder|no_transform;target_prop_control;target_prop_insn,standard J candidate
flk_dense,0x70016ad4,j,060402,0x700172e8,flk_dense,0x70016f0e,0x5f6,insn|data|loop_target|no_reorder|no_transform,1211,29,medium,target_in_text;target_in_flk_dense;target_has_prop:0x5f6:insn|data|loop_target|no_reorder|no_transform;target_prop_control;target_prop_insn,standard J candidate
flk_dense,0x70016ac1,beqz,16c508,0x70016b51,flk_dense,0x70016a38,0x157,insn|data|branch_target|no_reorder|no_transform,429,29,medium,target_in_text;target_in_flk_dense;target_has_prop:0x157:insn|data|branch_target|no_reorder|no_transform;target_prop_control;target_prop_insn,standard long zero-branch candidate
flk_dense,0x70016abe,j,060402,0x700172d0,flk_dense,0x70016f0e,0x5f6,insn|data|loop_target|no_reorder|no_transform,1187,29,medium,target_in_text;target_in_flk_dense;target_has_prop:0x5f6:insn|data|loop_target|no_reorder|no_transform;target_prop_control;target_prop_insn,standard J candidate
flk_dense,0x70016aa5,j,060402,0x700172b8,flk_dense,0x70016f0e,0x5f6,insn|data|loop_target|no_reorder|no_transform,1163,29,medium,target_in_text;target_in_flk_dense;target_has_prop:0x5f6:insn|data|loop_target|no_reorder|no_transform;target_prop_control;target_prop_insn,standard J candidate
flk_dense,0x70016a8d,j,060402,0x700172a0,flk_dense,0x70016f0e,0x5f6,insn|data|loop_target|no_reorder|no_transform,1139,29,medium,target_in_text;target_in_flk_dense;target_has_prop:0x5f6:insn|data|loop_target|no_reorder|no_transform;target_prop_control;target_prop_insn,standard J candidate
flk_dense,0x70016a74,j,060402,0x70017288,flk_dense,0x70016f0e,0x5f6,insn|data|loop_target|no_reorder|no_transform,1115,29,medium,target_in_text;target_in_flk_dense;target_has_prop:0x5f6:insn|data|loop_target|no_reorder|no_transform;target_prop_control;target_prop_insn,standard J candidate
flk_dense,0x70016a61,j,060402,0x70017274,flk_dense,0x70016f0e,0x5f6,insn|data|loop_target|no_reorder|no_transform,1095,29,medium,target_in_text;target_in_flk_dense;target_has_prop:0x5f6:insn|data|loop_target|no_reorder|no_transform;target_prop_control;target_prop_insn,standard J candidate
flk_dense,0x70016a48,j,060402,0x7001725c,flk_dense,0x70016f0e,0x5f6,insn|data|loop_target|no_reorder|no_transform,1071,29,medium,target_in_text;target_in_flk_dense;target_has_prop:0x5f6:insn|data|loop_target|no_reorder|no_transform;target_prop_control;target_prop_insn,standard J candidate
flk_dense,0x70016a35,j,060402,0x70017248,flk_dense,0x70016f0e,0x5f6,insn|data|loop_target|no_reorder|no_transform,1051,29,medium,target_in_text;target_in_flk_dense;target_has_prop:0x5f6:insn|data|loop_target|no_reorder|no_transform;target_prop_control;target_prop_insn,standard J candidate
flk_dense,0x70016a1c,j,060402,0x70017230,flk_dense,0x70016f0e,0x5f6,insn|data|loop_target|no_reorder|no_transform,1027,29,medium,target_in_text;target_in_flk_dense;target_has_prop:0x5f6:insn|data|loop_target|no_reorder|no_transform;target_prop_control;target_prop_insn,standard J candidate
flk_dense,0x70016a0c,j,060402,0x70017220,flk_dense,0x70016f0e,0x5f6,insn|data|loop_target|no_reorder|no_transform,1011,29,medium,target_in_text;target_in_flk_dense;target_has_prop:0x5f6:insn|data|loop_target|no_reorder|no_transform;target_prop_control;target_prop_insn,standard J candidate
flk_dense,0x70016a02,bnez,565c66,0x7001706b,flk_dense,0x70016f0e,0x5f6,insn|data|loop_target|no_reorder|no_transform,574,29,medium,target_in_text;target_in_flk_dense;target_has_prop:0x5f6:insn|data|loop_target|no_reorder|no_transform;target_prop_control;target_prop_insn,standard long zero-branch candidate
flk_dense,0x700169f6,bnez,569c60,0x70017003,flk_dense,0x70016f0e,0x5f6,insn|data|loop_target|no_reorder|no_transform,470,29,medium,target_in_text;target_in_flk_dense;target_has_prop:0x5f6:insn|data|loop_target|no_reorder|no_transform;target_prop_control;target_prop_insn,standard long zero-branch candidate
flk_dense,0x700169e6,j,060402,0x700171f8,flk_dense,0x70016f0e,0x5f6,insn|data|loop_target|no_reorder|no_transform,971,29,medium,target_in_text;target_in_flk_dense;target_has_prop:0x5f6:insn|data|loop_target|no_reorder|no_transform;target_prop_control;target_prop_insn,standard J candidate
flk_dense,0x700169ce,j,060402,0x700171e0,flk_dense,0x70016f0e,0x5f6,insn|data|loop_target|no_reorder|no_transform,947,29,medium,target_in_text;target_in_flk_dense;target_has_prop:0x5f6:insn|data|loop_target|no_reorder|no_transform;target_prop_control;target_prop_insn,standard J candidate
flk_dense,0x700169c3,beqz,16cf5f,0x70016fc3,flk_dense,0x70016f0e,0x5f6,insn|data|loop_target|no_reorder|no_transform,406,29,medium,target_in_text;target_in_flk_dense;target_has_prop:0x5f6:insn|data|loop_target|no_reorder|no_transform;target_prop_control;target_prop_insn,standard long zero-branch candidate
ann_dense,0x70082165,j,060402,0x70082978,ann_dense,0x70082974,0x52,insn|no_reorder,4,25,medium,target_in_text;target_in_ann_dense;target_has_prop:0x52:insn|no_reorder;target_prop_insn;target_near_anchor:4,standard J candidate
ann_dense,0x700820f0,j,060402,0x70082904,ann_dense,0x700828f6,0x10,insn|data|no_reorder|no_transform,8,25,medium,target_in_text;target_in_ann_dense;target_has_prop:0x10:insn|data|no_reorder|no_transform;target_prop_insn;target_near_anchor:8,standard J candidate
ann_dense,0x70081fca,j,060402,0x700827dc,ann_dense,0x700827d4,0x52,insn|no_reorder,8,25,medium,target_in_text;target_in_ann_dense;target_has_prop:0x52:insn|no_reorder;target_prop_insn;target_near_anchor:8,standard J candidate
ann_dense,0x70081f53,j,060402,0x70082764,ann_dense,0x70082756,0x10,insn|data|no_reorder|no_transform,8,25,medium,target_in_text;target_in_ann_dense;target_has_prop:0x10:insn|data|no_reorder|no_transform;target_prop_insn;target_near_anchor:8,standard J candidate
flk_dense,0x7001762c,j,060402,0x70017e40,flk_dense,0x70017e3e,0xb,insn|data|no_reorder|no_transform,2,25,medium,target_in_text;target_in_flk_dense;target_has_prop:0xb:insn|data|no_reorder|no_transform;target_prop_insn;target_near_anchor:2,standard J candidate
flk_dense,0x7001760d,j,060402,0x70017e20,flk_dense,0x70017e1d,0xb,insn|data|no_reorder|no_transform,3,25,medium,target_in_text;target_in_flk_dense;target_has_prop:0xb:insn|data|no_reorder|no_transform;target_prop_insn;target_near_anchor:3,standard J candidate
flk_dense,0x700175fd,j,060402,0x70017e10,flk_dense,0x70017e07,0xb,insn|data|no_reorder|no_transform,2,25,medium,target_in_text;target_in_flk_dense;target_has_prop:0xb:insn|data|no_reorder|no_transform;target_prop_insn;target_near_anchor:2,standard J candidate
flk_dense,0x700175ed,j,060402,0x70017e00,flk_dense,0x70017dfc,0xb,insn|data|no_reorder|no_transform,4,25,medium,target_in_text;target_in_flk_dense;target_has_prop:0xb:insn|data|no_reorder|no_transform;target_prop_insn;target_near_anchor:4,standard J candidate
flk_dense,0x7001758d,j,060402,0x70017da0,flk_dense,0x70017d99,0xb,insn|data|no_reorder|no_transform,4,25,medium,target_in_text;target_in_flk_dense;target_has_prop:0xb:insn|data|no_reorder|no_transform;target_prop_insn;target_near_anchor:4,standard J candidate
flk_dense,0x70017537,j,060402,0x70017d48,flk_dense,0x70017d41,0xb,insn|data|no_reorder|no_transform,4,25,medium,target_in_text;target_in_flk_dense;target_has_prop:0xb:insn|data|no_reorder|no_transform;target_prop_insn;target_near_anchor:4,standard J candidate
flk_dense,0x700174fe,j,060402,0x70017d10,flk_dense,0x70017d0a,0xb,insn|data|no_reorder|no_transform,5,25,medium,target_in_text;target_in_flk_dense;target_has_prop:0xb:insn|data|no_reorder|no_transform;target_prop_insn;target_near_anchor:5,standard J candidate
flk_dense,0x700174de,j,060402,0x70017cf0,flk_dense,0x70017ce9,0xb,insn|data|no_reorder|no_transform,4,25,medium,target_in_text;target_in_flk_dense;target_has_prop:0xb:insn|data|no_reorder|no_transform;target_prop_insn;target_near_anchor:4,standard J candidate
flk_dense,0x700174ce,j,060402,0x70017ce0,flk_dense,0x70017cde,0xb,insn|data|no_reorder|no_transform,2,25,medium,target_in_text;target_in_flk_dense;target_has_prop:0xb:insn|data|no_reorder|no_transform;target_prop_insn;target_near_anchor:2,standard J candidate
ann_dense,0x70082ad1,beqz,16b555,0x70083030,,0x70083030,0x23,insn|branch_target|no_reorder,1412,23,medium,target_in_text;target_has_prop:0x23:insn|branch_target|no_reorder;target_prop_control;target_prop_insn,standard long zero-branch candidate
ann_dense,0x70082aaa,j,06fdce,0x700b66a0,,0x700b64b8,0x210,insn|data|loop_target|no_reorder|no_transform,211956,23,medium,target_in_text;target_has_prop:0x210:insn|data|loop_target|no_reorder|no_transform;target_prop_control;target_prop_insn,standard J candidate
ann_dense,0x70082aa3,j,060402,0x700832b4,,0x700832b1,0x4,insn|branch_target|no_reorder,2056,23,medium,target_in_text;target_has_prop:0x4:insn|branch_target|no_reorder;target_prop_control;target_prop_insn,standard J candidate
ann_dense,0x70082a69,beqz,163559,0x70083000,,0x70083000,0x23,insn|branch_target|no_reorder,1364,23,medium,target_in_text;target_has_prop:0x23:insn|branch_target|no_reorder;target_prop_control;target_prop_insn,standard long zero-branch candidate
ann_dense,0x70082a01,beqz,16b55c,0x70082fd0,,0x70082fd0,0x23,insn|branch_target|no_reorder,1316,23,medium,target_in_text;target_has_prop:0x23:insn|branch_target|no_reorder;target_prop_control;target_prop_insn,standard long zero-branch candidate
ann_dense,0x700829d3,j,060402,0x700831e4,,0x700831e2,0x5,insn|branch_target|no_reorder,1848,23,medium,target_in_text;target_has_prop:0x5:insn|branch_target|no_reorder;target_prop_control;target_prop_insn,standard J candidate
ann_dense,0x70082999,beqz,163560,0x70082fa0,,0x70082fa0,0x23,insn|branch_target|no_reorder,1268,23,medium,target_in_text;target_has_prop:0x23:insn|branch_target|no_reorder;target_prop_control;target_prop_insn,standard long zero-branch candidate
ann_dense,0x70082931,beqz,16b563,0x70082f70,,0x70082f70,0x23,insn|branch_target|no_reorder,1220,23,medium,target_in_text;target_has_prop:0x23:insn|branch_target|no_reorder;target_prop_control;target_prop_insn,standard long zero-branch candidate
ann_dense,0x700828c9,beqz,163567,0x70082f40,,0x70082f40,0x23,insn|branch_target|no_reorder,1172,23,medium,target_in_text;target_has_prop:0x23:insn|branch_target|no_reorder;target_prop_control;target_prop_insn,standard long zero-branch candidate
ann_dense,0x70082861,beqz,16b56a,0x70082f10,,0x70082f10,0x23,insn|branch_target|no_reorder,1124,23,medium,target_in_text;target_has_prop:0x23:insn|branch_target|no_reorder;target_prop_control;target_prop_insn,standard long zero-branch candidate
ann_dense,0x70082833,j,060402,0x70083044,,0x70083030,0x23,insn|branch_target|no_reorder,1432,23,medium,target_in_text;target_has_prop:0x23:insn|branch_target|no_reorder;target_prop_control;target_prop_insn,standard J candidate
ann_dense,0x700827f9,beqz,16356e,0x70082ee0,,0x70082ee0,0x23,insn|branch_target|no_reorder,1076,23,medium,target_in_text;target_has_prop:0x23:insn|branch_target|no_reorder;target_prop_control;target_prop_insn,standard long zero-branch candidate
ann_dense,0x700827cb,j,060402,0x70082fdc,,0x70082fd0,0x23,insn|branch_target|no_reorder,1328,23,medium,target_in_text;target_has_prop:0x23:insn|branch_target|no_reorder;target_prop_control;target_prop_insn,standard J candidate
ann_dense,0x70082791,beqz,16b571,0x70082eb0,,0x70082eb0,0x23,insn|branch_target|no_reorder,1028,23,medium,target_in_text;target_has_prop:0x23:insn|branch_target|no_reorder;target_prop_control;target_prop_insn,standard long zero-branch candidate
ann_dense,0x70082763,j,060402,0x70082f74,,0x70082f70,0x23,insn|branch_target|no_reorder,1224,23,medium,target_in_text;target_has_prop:0x23:insn|branch_target|no_reorder;target_prop_control;target_prop_insn,standard J candidate
ann_dense,0x70082729,beqz,163575,0x70082e80,,0x70082e80,0x23,insn|branch_target|no_reorder,980,23,medium,target_in_text;target_has_prop:0x23:insn|branch_target|no_reorder;target_prop_control;target_prop_insn,standard long zero-branch candidate
ann_dense,0x700826c1,beqz,16b578,0x70082e50,,0x70082e50,0x23,insn|branch_target|no_reorder,932,23,medium,target_in_text;target_has_prop:0x23:insn|branch_target|no_reorder;target_prop_control;target_prop_insn,standard long zero-branch candidate
ann_dense,0x70082659,beqz,16357c,0x70082e20,,0x70082e20,0x23,insn|branch_target|no_reorder,884,23,medium,target_in_text;target_has_prop:0x23:insn|branch_target|no_reorder;target_prop_control;target_prop_insn,standard long zero-branch candidate
ann_dense,0x7008262b,j,060402,0x70082e3c,,0x70082e20,0x23,insn|branch_target|no_reorder,912,23,medium,target_in_text;target_has_prop:0x23:insn|branch_target|no_reorder;target_prop_control;target_prop_insn,standard J candidate
ann_dense,0x700825f1,beqz,16b57f,0x70082df0,,0x70082df0,0x23,insn|branch_target|no_reorder,836,23,medium,target_in_text;target_has_prop:0x23:insn|branch_target|no_reorder;target_prop_control;target_prop_insn,standard long zero-branch candidate
ann_dense,0x700825c3,j,060402,0x70082dd4,,0x70082dc0,0x23,insn|branch_target|no_reorder,808,23,medium,target_in_text;target_has_prop:0x23:insn|branch_target|no_reorder;target_prop_control;target_prop_insn,standard J candidate
ann_dense,0x70082589,j,060402,0x70082d9c,,0x70082d90,0x23,insn|branch_target|no_reorder,752,23,medium,target_in_text;target_has_prop:0x23:insn|branch_target|no_reorder;target_prop_control;target_prop_insn,standard J candidate
ann_dense,0x7008254e,j,060402,0x70082d60,,0x70082d60,0x23,insn|branch_target|no_reorder,692,23,medium,target_in_text;target_has_prop:0x23:insn|branch_target|no_reorder;target_prop_control;target_prop_insn,standard J candidate
ann_dense,0x700824d7,j,060402,0x70082ce8,,0x70082cd0,0x23,insn|branch_target|no_reorder,572,23,medium,target_in_text;target_has_prop:0x23:insn|branch_target|no_reorder;target_prop_control;target_prop_insn,standard J candidate
ann_dense,0x7008249d,j,060402,0x70082cb0,,0x70082ca0,0x23,insn|branch_target|no_reorder,516,23,medium,target_in_text;target_has_prop:0x23:insn|branch_target|no_reorder;target_prop_control;target_prop_insn,standard J candidate
ann_dense,0x70082460,j,060402,0x70082c74,,0x70082c70,0x23,insn|branch_target|no_reorder,456,23,medium,target_in_text;target_has_prop:0x23:insn|branch_target|no_reorder;target_prop_control;target_prop_insn,standard J candidate
ann_dense,0x700823eb,j,060402,0x70082bfc,,0x70082be0,0x23,insn|branch_target|no_reorder,336,23,medium,target_in_text;target_has_prop:0x23:insn|branch_target|no_reorder;target_prop_control;target_prop_insn,standard J candidate
ann_dense,0x700823b1,j,060402,0x70082bc4,,0x70082bb0,0x23,insn|branch_target|no_reorder,280,23,medium,target_in_text;target_has_prop:0x23:insn|branch_target|no_reorder;target_prop_control;target_prop_insn,standard J candidate
ann_dense,0x70082374,j,060402,0x70082b88,,0x70082b80,0x23,insn|branch_target|no_reorder,220,23,medium,target_in_text;target_has_prop:0x23:insn|branch_target|no_reorder;target_prop_control;target_prop_insn,standard J candidate
flk_dense,0x7001811b,j,06230d,0x7001b5a8,,0x7001b58d,0x86,insn|branch_target|no_reorder,14186,23,medium,target_in_text;target_has_prop:0x86:insn|branch_target|no_reorder;target_prop_control;target_prop_insn,standard J candidate
flk_dense,0x70017e46,j,86d8fa,0x702569a8,,0x70256994,0x29,insn|branch_target|no_reorder,1916668,23,medium,target_in_text;target_has_prop:0x29:insn|branch_target|no_reorder;target_prop_control;target_prop_insn,standard J candidate
flk_dense,0x70017e3b,j,46dbfa,0x701569a8,,0x701568b0,0x159,insn|data|branch_target|no_reorder|no_transform,868092,23,medium,target_in_text;target_has_prop:0x159:insn|data|branch_target|no_reorder|no_transform;target_prop_control;target_prop_insn,standard J candidate
flk_dense,0x70017e1a,j,86e3fa,0x702569a8,,0x70256994,0x29,insn|branch_target|no_reorder,1916668,23,medium,target_in_text;target_has_prop:0x29:insn|branch_target|no_reorder;target_prop_control;target_prop_insn,standard J candidate
flk_dense,0x70017e0f,j,46e6fa,0x701569a8,,0x701568b0,0x159,insn|data|branch_target|no_reorder|no_transform,868092,23,medium,target_in_text;target_has_prop:0x159:insn|data|branch_target|no_reorder|no_transform;target_prop_control;target_prop_insn,standard J candidate
flk_dense,0x70017dee,j,86eefa,0x702569a8,,0x70256994,0x29,insn|branch_target|no_reorder,1916668,23,medium,target_in_text;target_has_prop:0x29:insn|branch_target|no_reorder;target_prop_control;target_prop_insn,standard J candidate
flk_dense,0x70017de3,j,46f1fa,0x701569a8,,0x701568b0,0x159,insn|data|branch_target|no_reorder|no_transform,868092,23,medium,target_in_text;target_has_prop:0x159:insn|data|branch_target|no_reorder|no_transform;target_prop_control;target_prop_insn,standard J candidate
flk_dense,0x70017dc2,j,86f9fa,0x702569a8,,0x70256994,0x29,insn|branch_target|no_reorder,1916668,23,medium,target_in_text;target_has_prop:0x29:insn|branch_target|no_reorder;target_prop_control;target_prop_insn,standard J candidate
flk_dense,0x70017db7,j,46fcfa,0x701569a8,,0x701568b0,0x159,insn|data|branch_target|no_reorder|no_transform,868092,23,medium,target_in_text;target_has_prop:0x159:insn|data|branch_target|no_reorder|no_transform;target_prop_control;target_prop_insn,standard J candidate
flk_dense,0x70017d96,j,8604fb,0x702569a8,,0x70256994,0x29,insn|branch_target|no_reorder,1916668,23,medium,target_in_text;target_has_prop:0x29:insn|branch_target|no_reorder;target_prop_control;target_prop_insn,standard J candidate
flk_dense,0x70017d8b,j,4607fb,0x701569a8,,0x701568b0,0x159,insn|data|branch_target|no_reorder|no_transform,868092,23,medium,target_in_text;target_has_prop:0x159:insn|data|branch_target|no_reorder|no_transform;target_prop_control;target_prop_insn,standard J candidate
flk_dense,0x70017d6a,j,860ffb,0x702569a8,,0x70256994,0x29,insn|branch_target|no_reorder,1916668,23,medium,target_in_text;target_has_prop:0x29:insn|branch_target|no_reorder;target_prop_control;target_prop_insn,standard J candidate
flk_dense,0x70017d5f,j,4612fb,0x701569a8,,0x701568b0,0x159,insn|data|branch_target|no_reorder|no_transform,868092,23,medium,target_in_text;target_has_prop:0x159:insn|data|branch_target|no_reorder|no_transform;target_prop_control;target_prop_insn,standard J candidate
flk_dense,0x70017d3e,j,861afb,0x702569a8,,0x70256994,0x29,insn|branch_target|no_reorder,1916668,23,medium,target_in_text;target_has_prop:0x29:insn|branch_target|no_reorder;target_prop_control;target_prop_insn,standard J candidate
flk_dense,0x70017d33,j,461dfb,0x701569a8,,0x701568b0,0x159,insn|data|branch_target|no_reorder|no_transform,868092,23,medium,target_in_text;target_has_prop:0x159:insn|data|branch_target|no_reorder|no_transform;target_prop_control;target_prop_insn,standard J candidate
flk_dense,0x70017d12,j,8625fb,0x702569a8,,0x70256994,0x29,insn|branch_target|no_reorder,1916668,23,medium,target_in_text;target_has_prop:0x29:insn|branch_target|no_reorder;target_prop_control;target_prop_insn,standard J candidate
flk_dense,0x70017d07,j,4628fb,0x701569a8,,0x701568b0,0x159,insn|data|branch_target|no_reorder|no_transform,868092,23,medium,target_in_text;target_has_prop:0x159:insn|data|branch_target|no_reorder|no_transform;target_prop_control;target_prop_insn,standard J candidate
flk_dense,0x70017ce6,j,8630fb,0x702569a8,,0x70256994,0x29,insn|branch_target|no_reorder,1916668,23,medium,target_in_text;target_has_prop:0x29:insn|branch_target|no_reorder;target_prop_control;target_prop_insn,standard J candidate
flk_dense,0x70017cdb,j,4633fb,0x701569a8,,0x701568b0,0x159,insn|data|branch_target|no_reorder|no_transform,868092,23,medium,target_in_text;target_has_prop:0x159:insn|data|branch_target|no_reorder|no_transform;target_prop_control;target_prop_insn,standard J candidate
flk_dense,0x70017b05,j,06035b,0x7002e714,,0x7002e702,0x41,insn|branch_target|no_reorder,92374,23,medium,target_in_text;target_has_prop:0x41:insn|branch_target|no_reorder;target_prop_control;target_prop_insn,standard J candidate
flk_dense,0x7001798d,j,062110,0x7001ba14,,0x7001ba00,0x69,insn|branch_target|no_reorder,15318,23,medium,target_in_text;target_has_prop:0x69:insn|branch_target|no_reorder;target_prop_control;target_prop_insn,standard J candidate
flk_dense,0x700178a1,j,865c66,0x70231214,,0x70231150,0xe0,insn|data|branch_target|no_reorder|no_transform,1763176,23,medium,target_in_text;target_has_prop:0xe0:insn|data|branch_target|no_reorder|no_transform;target_prop_control;target_prop_insn,standard J candidate
flk_dense,0x700177fe,j,86ed68,0x70231bb4,,0x70231913,0x6a3,insn|data|branch_target|no_reorder|no_transform,1765640,23,medium,target_in_text;target_has_prop:0x6a3:insn|data|branch_target|no_reorder|no_transform;target_prop_control;target_prop_insn,standard J candidate
flk_dense,0x70017621,j,46035a,0x7012de30,,0x7012de00,0x3e,insn|branch_target|no_reorder,701316,23,medium,target_in_text;target_has_prop:0x3e:insn|branch_target|no_reorder;target_prop_control;target_prop_insn,standard J candidate
flk_dense,0x70017565,j,060110,0x7001b56c,,0x7001b561,0x2c,insn|branch_target|no_reorder,14126,23,medium,target_in_text;target_has_prop:0x2c:insn|branch_target|no_reorder;target_prop_control;target_prop_insn,standard J candidate
flk_dense,0x700173c6,j,46c660,0x7012f6e0,,0x7012f6d3,0x1d,insn|data|branch_target|no_reorder|no_transform,707636,23,medium,target_in_text;target_has_prop:0x1d:insn|data|branch_target|no_reorder|no_transform;target_prop_control;target_prop_insn,standard J candidate
flk_dense,0x700171e8,j,06225d,0x7002e674,,0x7002e66c,0x9,insn|branch_target|no_reorder,92214,23,medium,target_in_text;target_has_prop:0x9:insn|branch_target|no_reorder;target_prop_control;target_prop_insn,standard J candidate
flk_dense,0x700171bd,j,06225c,0x7002e248,,0x7002e240,0x59,insn|branch_target|no_reorder,91146,23,medium,target_in_text;target_has_prop:0x59:insn|branch_target|no_reorder;target_prop_control;target_prop_insn,standard J candidate
flk_dense,0x7001718d,j,46a358,0x7012d41c,,0x7012d2d3,0x1b9,insn|branch_target|no_reorder,698736,23,medium,target_in_text;target_has_prop:0x1b9:insn|branch_target|no_reorder;target_prop_control;target_prop_insn,standard J candidate
flk_dense,0x70017079,j,863060,0x7022f13c,,0x7022f108,0x192,insn|branch_target|no_reorder,1754768,23,medium,target_in_text;target_has_prop:0x192:insn|branch_target|no_reorder;target_prop_control;target_prop_insn,standard J candidate
flk_dense,0x70016c70,j,460401,0x70117084,,0x70117080,0x12,insn|branch_target|no_reorder,607704,23,medium,target_in_text;target_has_prop:0x12:insn|branch_target|no_reorder;target_prop_control;target_prop_insn,standard J candidate
flk_dense,0x70016b43,j,067058,0x7002cd04,,0x7002cd00,0x9,insn|branch_target|no_reorder,85702,23,medium,target_in_text;target_has_prop:0x9:insn|branch_target|no_reorder;target_prop_control;target_prop_insn,standard J candidate
ann_dense,0x700822ff,j,060402,0x70082b10,ann_dense,0x70082b0e,0x6,insn|no_reorder,100,21,medium,target_in_text;target_in_ann_dense;target_has_prop:0x6:insn|no_reorder;target_prop_insn,standard J candidate
ann_dense,0x700822c5,j,060402,0x70082ad8,ann_dense,0x70082aac,0x52,insn|no_reorder,44,21,medium,target_in_text;target_in_ann_dense;target_has_prop:0x52:insn|no_reorder;target_prop_insn,standard J candidate
ann_dense,0x7008228a,j,060402,0x70082a9c,ann_dense,0x70082a96,0x10,insn|data|no_reorder|no_transform,16,21,medium,target_in_text;target_in_ann_dense;target_has_prop:0x10:insn|data|no_reorder|no_transform;target_prop_insn,standard J candidate
ann_dense,0x7008226b,beqz,1684f0,0x70082177,ann_dense,0x70082133,0x5f,insn|no_reorder,49,21,medium,target_in_text;target_in_ann_dense;target_has_prop:0x5f:insn|no_reorder;target_prop_insn,standard long zero-branch candidate
ann_dense,0x70082250,j,060402,0x70082a64,ann_dense,0x70082a44,0x52,insn|no_reorder,32,21,medium,target_in_text;target_in_ann_dense;target_has_prop:0x52:insn|no_reorder;target_prop_insn,standard J candidate
ann_dense,0x70082236,beqz,169202,0x70082263,ann_dense,0x7008221e,0x5f,insn|no_reorder,48,21,medium,target_in_text;target_in_ann_dense;target_has_prop:0x5f:insn|no_reorder;target_prop_insn,standard long zero-branch candidate
ann_dense,0x70082214,j,060402,0x70082a28,ann_dense,0x700829dc,0x52,insn|no_reorder,28,21,medium,target_in_text;target_in_ann_dense;target_has_prop:0x52:insn|no_reorder;target_prop_insn,standard J candidate
ann_dense,0x700821da,j,060402,0x700829ec,ann_dense,0x700829dc,0x52,insn|no_reorder,16,21,medium,target_in_text;target_in_ann_dense;target_has_prop:0x52:insn|no_reorder;target_prop_insn,standard J candidate
ann_dense,0x7008219f,j,060402,0x700829b0,ann_dense,0x70082974,0x52,insn|no_reorder,44,21,medium,target_in_text;target_in_ann_dense;target_has_prop:0x52:insn|no_reorder;target_prop_insn,standard J candidate
ann_dense,0x7008212a,j,060402,0x7008293c,ann_dense,0x7008290c,0x52,insn|no_reorder,48,21,medium,target_in_text;target_in_ann_dense;target_has_prop:0x52:insn|no_reorder;target_prop_insn,standard J candidate
ann_dense,0x700820b4,j,060402,0x700828c8,ann_dense,0x700828a4,0x52,insn|no_reorder,36,21,medium,target_in_text;target_in_ann_dense;target_has_prop:0x52:insn|no_reorder;target_prop_insn,standard J candidate
ann_dense,0x7008207a,j,060402,0x7008288c,ann_dense,0x7008283c,0x52,insn|no_reorder,24,21,medium,target_in_text;target_in_ann_dense;target_has_prop:0x52:insn|no_reorder;target_prop_insn,standard J candidate
ann_dense,0x7008203f,j,060402,0x70082850,ann_dense,0x7008283c,0x52,insn|no_reorder,20,21,medium,target_in_text;target_in_ann_dense;target_has_prop:0x52:insn|no_reorder;target_prop_insn,standard J candidate
ann_dense,0x70082005,j,060402,0x70082818,ann_dense,0x700827d4,0x52,insn|no_reorder,36,21,medium,target_in_text;target_in_ann_dense;target_has_prop:0x52:insn|no_reorder;target_prop_insn,standard J candidate
ann_dense,0x70081f90,j,060402,0x700827a4,ann_dense,0x7008276c,0x52,insn|no_reorder,48,21,medium,target_in_text;target_in_ann_dense;target_has_prop:0x52:insn|no_reorder;target_prop_insn,standard J candidate
ann_dense,0x70081f6b,j,060402,0x7008277c,ann_dense,0x7008276c,0x52,insn|no_reorder,16,21,medium,target_in_text;target_in_ann_dense;target_has_prop:0x52:insn|no_reorder;target_prop_insn,standard J candidate
ann_dense,0x70081f19,j,060402,0x7008272c,ann_dense,0x70082704,0x52,insn|no_reorder,40,21,medium,target_in_text;target_in_ann_dense;target_has_prop:0x52:insn|no_reorder;target_prop_insn,standard J candidate
ann_dense,0x70081ed7,j,060402,0x700826e8,ann_dense,0x7008269c,0x52,insn|no_reorder,28,21,medium,target_in_text;target_in_ann_dense;target_has_prop:0x52:insn|no_reorder;target_prop_insn,standard J candidate
flk_dense,0x70017c99,j,066b00,0x70017e48,flk_dense,0x70017e3e,0xb,insn|data|no_reorder|no_transform,10,21,medium,target_in_text;target_in_flk_dense;target_has_prop:0xb:insn|data|no_reorder|no_transform;target_prop_insn,standard J candidate
flk_dense,0x7001779b,j,060402,0x70017fac,flk_dense,0x70017f94,0x2b,insn|data|no_reorder|no_transform,366,21,medium,target_in_text;target_in_flk_dense;target_has_prop:0x2b:insn|data|no_reorder|no_transform;target_prop_insn,standard J candidate
flk_dense,0x7001778b,j,060402,0x70017f9c,flk_dense,0x70017f94,0x2b,insn|data|no_reorder|no_transform,350,21,medium,target_in_text;target_in_flk_dense;target_has_prop:0x2b:insn|data|no_reorder|no_transform;target_prop_insn,standard J candidate
flk_dense,0x7001777b,j,060402,0x70017f8c,flk_dense,0x70017f65,0x2f,insn|data|no_reorder|no_transform,334,21,medium,target_in_text;target_in_flk_dense;target_has_prop:0x2f:insn|data|no_reorder|no_transform;target_prop_insn,standard J candidate
flk_dense,0x70017745,j,060402,0x70017f58,flk_dense,0x70017f35,0x2f,insn|data|no_reorder|no_transform,282,21,medium,target_in_text;target_in_flk_dense;target_has_prop:0x2f:insn|data|no_reorder|no_transform;target_prop_insn,standard J candidate
flk_dense,0x70017725,j,060402,0x70017f38,flk_dense,0x70017f35,0x2f,insn|data|no_reorder|no_transform,250,21,medium,target_in_text;target_in_flk_dense;target_has_prop:0x2f:insn|data|no_reorder|no_transform;target_prop_insn,standard J candidate
flk_dense,0x70017715,j,060402,0x70017f28,flk_dense,0x70017f05,0x2f,insn|data|no_reorder|no_transform,234,21,medium,target_in_text;target_in_flk_dense;target_has_prop:0x2f:insn|data|no_reorder|no_transform;target_prop_insn,standard J candidate
flk_dense,0x70017705,j,060402,0x70017f18,flk_dense,0x70017f05,0x2f,insn|data|no_reorder|no_transform,218,21,medium,target_in_text;target_in_flk_dense;target_has_prop:0x2f:insn|data|no_reorder|no_transform;target_prop_insn,standard J candidate
flk_dense,0x700176de,j,060402,0x70017ef0,flk_dense,0x70017eda,0x2b,insn|data|no_reorder|no_transform,178,21,medium,target_in_text;target_in_flk_dense;target_has_prop:0x2b:insn|data|no_reorder|no_transform;target_prop_insn,standard J candidate
flk_dense,0x700176b6,j,060402,0x70017ec8,flk_dense,0x70017eab,0x2f,insn|data|no_reorder|no_transform,138,21,medium,target_in_text;target_in_flk_dense;target_has_prop:0x2f:insn|data|no_reorder|no_transform;target_prop_insn,standard J candidate
flk_dense,0x700176a6,j,060402,0x70017eb8,flk_dense,0x70017eab,0x2f,insn|data|no_reorder|no_transform,122,21,medium,target_in_text;target_in_flk_dense;target_has_prop:0x2f:insn|data|no_reorder|no_transform;target_prop_insn,standard J candidate
flk_dense,0x70017696,j,060402,0x70017ea8,flk_dense,0x70017e7c,0x2f,insn|data|no_reorder|no_transform,106,21,medium,target_in_text;target_in_flk_dense;target_has_prop:0x2f:insn|data|no_reorder|no_transform;target_prop_insn,standard J candidate
flk_dense,0x70017670,j,060402,0x70017e84,flk_dense,0x70017e7c,0x2f,insn|data|no_reorder|no_transform,70,21,medium,target_in_text;target_in_flk_dense;target_has_prop:0x2f:insn|data|no_reorder|no_transform;target_prop_insn,standard J candidate
flk_dense,0x70017660,j,060402,0x70017e74,flk_dense,0x70017e4d,0x2f,insn|data|no_reorder|no_transform,54,21,medium,target_in_text;target_in_flk_dense;target_has_prop:0x2f:insn|data|no_reorder|no_transform;target_prop_insn,standard J candidate
ann_dense,0x70082b0b,j,060402,0x7008331c,,0x70083300,0x2a,insn|no_reorder,2160,15,medium,target_in_text;target_has_prop:0x2a:insn|no_reorder;target_prop_insn,standard J candidate
ann_dense,0x70082a3b,j,060402,0x7008324c,,0x7008324b,0x4,insn|no_reorder,1952,15,medium,target_in_text;target_has_prop:0x4:insn|no_reorder;target_prop_insn,standard J candidate
ann_dense,0x7008296b,j,060402,0x7008317c,,0x7008316c,0x17,insn|no_reorder,1744,15,medium,target_in_text;target_has_prop:0x17:insn|no_reorder;target_prop_insn,standard J candidate
ann_dense,0x70082903,j,060402,0x70083114,,0x7008310c,0xf,insn|no_reorder,1640,15,medium,target_in_text;target_has_prop:0xf:insn|no_reorder;target_prop_insn,standard J candidate
ann_dense,0x7008289b,j,060402,0x700830ac,,0x700830ab,0x4,insn|no_reorder,1536,15,medium,target_in_text;target_has_prop:0x4:insn|no_reorder;target_prop_insn,standard J candidate
ann_dense,0x7008249b,j,46f406,0x7018406c,,0x70184053,0x50,insn|data|no_reorder|no_transform,1054144,15,medium,target_in_text;target_has_prop:0x50:insn|data|no_reorder|no_transform;target_prop_insn,standard J candidate
ann_dense,0x70082466,j,4697fe,0x701c1ec4,,0x701c1ea9,0x20,insn|data|no_reorder|no_transform,1307672,15,medium,target_in_text;target_has_prop:0x20:insn|data|no_reorder|no_transform;target_prop_insn,standard J candidate
ann_dense,0x7008237a,j,46d2fe,0x701c1ec4,,0x701c1ea9,0x20,insn|data|no_reorder|no_transform,1307672,15,medium,target_in_text;target_has_prop:0x20:insn|data|no_reorder|no_transform;target_prop_insn,standard J candidate
ann_dense,0x7008221a,j,462aff,0x701c1ec4,,0x701c1ea9,0x20,insn|data|no_reorder|no_transform,1307672,15,medium,target_in_text;target_has_prop:0x20:insn|data|no_reorder|no_transform;target_prop_insn,standard J candidate
ann_dense,0x700820ba,j,4682ff,0x701c1ec4,,0x701c1ea9,0x20,insn|data|no_reorder|no_transform,1307672,15,medium,target_in_text;target_has_prop:0x20:insn|data|no_reorder|no_transform;target_prop_insn,standard J candidate
ann_dense,0x70081ec8,j,061ebe,0x700b1744,,0x700b1720,0x30,insn|data|no_reorder|no_transform,191640,15,medium,target_in_text;target_has_prop:0x30:insn|data|no_reorder|no_transform;target_prop_insn,standard J candidate
flk_dense,0x70018178,j,060402,0x7001898c,,0x7001890d,0x1f9,insn|no_reorder,2894,15,medium,target_in_text;target_has_prop:0x1f9:insn|no_reorder;target_prop_insn,standard J candidate
flk_dense,0x700180ec,j,06030d,0x7001b4fc,,0x7001b455,0xab,insn|no_reorder,14014,15,medium,target_in_text;target_has_prop:0xab:insn|no_reorder;target_prop_insn,standard J candidate
flk_dense,0x700180c5,j,060402,0x700188d8,,0x700188c8,0x32,insn|no_reorder,2714,15,medium,target_in_text;target_has_prop:0x32:insn|no_reorder;target_prop_insn,standard J candidate
flk_dense,0x7001809a,j,060402,0x700188ac,,0x70018508,0x3ad,insn|no_reorder,2670,15,medium,target_in_text;target_has_prop:0x3ad:insn|no_reorder;target_prop_insn,standard J candidate
flk_dense,0x7001806b,j,06230d,0x7001b4f8,,0x7001b455,0xab,insn|no_reorder,14010,15,medium,target_in_text;target_has_prop:0xab:insn|no_reorder;target_prop_insn,standard J candidate
flk_dense,0x7001803c,j,06230d,0x7001b4cc,,0x7001b455,0xab,insn|no_reorder,13966,15,medium,target_in_text;target_has_prop:0xab:insn|no_reorder;target_prop_insn,standard J candidate
flk_dense,0x7001800d,j,06230d,0x7001b49c,,0x7001b455,0xab,insn|no_reorder,13918,15,medium,target_in_text;target_has_prop:0xab:insn|no_reorder;target_prop_insn,standard J candidate
flk_dense,0x70017fe1,j,060402,0x700187f4,,0x70018508,0x3ad,insn|no_reorder,2486,15,medium,target_in_text;target_has_prop:0x3ad:insn|no_reorder;target_prop_insn,standard J candidate
flk_dense,0x70017fb5,j,060402,0x700187c8,,0x70018508,0x3ad,insn|no_reorder,2442,15,medium,target_in_text;target_has_prop:0x3ad:insn|no_reorder;target_prop_insn,standard J candidate
flk_dense,0x70017f27,j,06130d,0x7001b374,,0x7001b313,0xbd,insn|no_reorder,13622,15,medium,target_in_text;target_has_prop:0xbd:insn|no_reorder;target_prop_insn,standard J candidate
flk_dense,0x70017efb,j,060402,0x7001870c,,0x70018508,0x3ad,insn|no_reorder,2254,15,medium,target_in_text;target_has_prop:0x3ad:insn|no_reorder;target_prop_insn,standard J candidate
flk_dense,0x70017ef0,j,06f362,0x70030ac0,,0x70030a96,0x1b3,insn|no_reorder,101506,15,medium,target_in_text;target_has_prop:0x1b3:insn|no_reorder;target_prop_insn,standard J candidate
flk_dense,0x70017ecd,j,06130d,0x7001b31c,,0x7001b313,0xbd,insn|no_reorder,13534,15,medium,target_in_text;target_has_prop:0xbd:insn|no_reorder;target_prop_insn,standard J candidate
flk_dense,0x70017e6f,j,06030d,0x7001b27c,,0x7001b22e,0xdd,insn|no_reorder,13374,15,medium,target_in_text;target_has_prop:0xdd:insn|no_reorder;target_prop_insn,standard J candidate
flk_dense,0x70017e30,j,06defa,0x700569ac,,0x700567d0,0x2f7,insn|no_reorder,177060,15,medium,target_in_text;target_has_prop:0x2f7:insn|no_reorder;target_prop_insn,standard J candidate
flk_dense,0x70017e04,j,06e9fa,0x700569ac,,0x700567d0,0x2f7,insn|no_reorder,177060,15,medium,target_in_text;target_has_prop:0x2f7:insn|no_reorder;target_prop_insn,standard J candidate
flk_dense,0x70017dd8,j,06f4fa,0x700569ac,,0x700567d0,0x2f7,insn|no_reorder,177060,15,medium,target_in_text;target_has_prop:0x2f7:insn|no_reorder;target_prop_insn,standard J candidate
flk_dense,0x70017dac,j,06fffa,0x700569ac,,0x700567d0,0x2f7,insn|no_reorder,177060,15,medium,target_in_text;target_has_prop:0x2f7:insn|no_reorder;target_prop_insn,standard J candidate
flk_dense,0x70017d80,j,060afb,0x700569ac,,0x700567d0,0x2f7,insn|no_reorder,177060,15,medium,target_in_text;target_has_prop:0x2f7:insn|no_reorder;target_prop_insn,standard J candidate
flk_dense,0x70017d54,j,0615fb,0x700569ac,,0x700567d0,0x2f7,insn|no_reorder,177060,15,medium,target_in_text;target_has_prop:0x2f7:insn|no_reorder;target_prop_insn,standard J candidate
flk_dense,0x70017d28,j,0620fb,0x700569ac,,0x700567d0,0x2f7,insn|no_reorder,177060,15,medium,target_in_text;target_has_prop:0x2f7:insn|no_reorder;target_prop_insn,standard J candidate
flk_dense,0x70017cfc,j,062bfb,0x700569ac,,0x700567d0,0x2f7,insn|no_reorder,177060,15,medium,target_in_text;target_has_prop:0x2f7:insn|no_reorder;target_prop_insn,standard J candidate
flk_dense,0x70017cd0,j,0636fb,0x700569ac,,0x700567d0,0x2f7,insn|no_reorder,177060,15,medium,target_in_text;target_has_prop:0x2f7:insn|no_reorder;target_prop_insn,standard J candidate
flk_dense,0x70017cac,j,060402,0x700184c0,,0x700184b4,0x44,insn|no_reorder,1666,15,medium,target_in_text;target_has_prop:0x44:insn|no_reorder;target_prop_insn,standard J candidate
flk_dense,0x70017c96,j,060402,0x700184a8,,0x7001848d,0x25,insn|no_reorder,1642,15,medium,target_in_text;target_has_prop:0x25:insn|no_reorder;target_prop_insn,standard J candidate
flk_dense,0x70017c7d,j,060402,0x70018490,,0x7001848d,0x25,insn|no_reorder,1618,15,medium,target_in_text;target_has_prop:0x25:insn|no_reorder;target_prop_insn,standard J candidate
flk_dense,0x70017c50,j,060402,0x70018464,,0x7001845d,0x10,insn|data|no_reorder|no_transform,1574,15,medium,target_in_text;target_has_prop:0x10:insn|data|no_reorder|no_transform;target_prop_insn,standard J candidate
flk_dense,0x70017c2d,j,060402,0x70018440,,0x700183e5,0x70,insn|data|no_reorder|no_transform,1538,15,medium,target_in_text;target_has_prop:0x70:insn|data|no_reorder|no_transform;target_prop_insn,standard J candidate
flk_dense,0x70017c22,beqz,167058,0x700181ad,,0x70018190,0x2d,insn|no_reorder,879,15,medium,target_in_text;target_has_prop:0x2d:insn|no_reorder;target_prop_insn,standard long zero-branch candidate
flk_dense,0x70017c1d,j,060402,0x70018430,,0x700183e5,0x70,insn|data|no_reorder|no_transform,1522,15,medium,target_in_text;target_has_prop:0x70:insn|data|no_reorder|no_transform;target_prop_insn,standard J candidate
flk_dense,0x70017c0d,j,060402,0x70018420,,0x700183e5,0x70,insn|data|no_reorder|no_transform,1506,15,medium,target_in_text;target_has_prop:0x70:insn|data|no_reorder|no_transform;target_prop_insn,standard J candidate
flk_dense,0x70017bfd,j,060402,0x70018410,,0x700183e5,0x70,insn|data|no_reorder|no_transform,1490,15,medium,target_in_text;target_has_prop:0x70:insn|data|no_reorder|no_transform;target_prop_insn,standard J candidate
flk_dense,0x70017be5,j,060402,0x700183f8,,0x700183e5,0x70,insn|data|no_reorder|no_transform,1466,15,medium,target_in_text;target_has_prop:0x70:insn|data|no_reorder|no_transform;target_prop_insn,standard J candidate
flk_dense,0x70017bd5,j,060402,0x700183e8,,0x700183e5,0x70,insn|data|no_reorder|no_transform,1450,15,medium,target_in_text;target_has_prop:0x70:insn|data|no_reorder|no_transform;target_prop_insn,standard J candidate
flk_dense,0x70017bbf,j,060402,0x700183d0,,0x70018393,0x50,insn|data|no_reorder|no_transform,1426,15,medium,target_in_text;target_has_prop:0x50:insn|data|no_reorder|no_transform;target_prop_insn,standard J candidate
flk_dense,0x70017baf,j,060402,0x700183c0,,0x70018393,0x50,insn|data|no_reorder|no_transform,1410,15,medium,target_in_text;target_has_prop:0x50:insn|data|no_reorder|no_transform;target_prop_insn,standard J candidate
flk_dense,0x70017b9f,j,060402,0x700183b0,,0x70018393,0x50,insn|data|no_reorder|no_transform,1394,15,medium,target_in_text;target_has_prop:0x50:insn|data|no_reorder|no_transform;target_prop_insn,standard J candidate
flk_dense,0x70017b7e,j,060402,0x70018390,,0x70018383,0x10,insn|no_reorder,1362,15,medium,target_in_text;target_has_prop:0x10:insn|no_reorder;target_prop_insn,standard J candidate
flk_dense,0x70017b6e,j,060402,0x70018380,,0x70018363,0x20,insn|data|no_reorder|no_transform,1346,15,medium,target_in_text;target_has_prop:0x20:insn|data|no_reorder|no_transform;target_prop_insn,standard J candidate
flk_dense,0x70017b5e,j,060402,0x70018370,,0x70018363,0x20,insn|data|no_reorder|no_transform,1330,15,medium,target_in_text;target_has_prop:0x20:insn|data|no_reorder|no_transform;target_prop_insn,standard J candidate
flk_dense,0x70017b4e,j,060402,0x70018360,,0x70018320,0x43,insn|no_reorder,1314,15,medium,target_in_text;target_has_prop:0x43:insn|no_reorder;target_prop_insn,standard J candidate
flk_dense,0x70017b48,j,0631a8,0x70041c10,,0x70041bdf,0x3f,insn|no_reorder,171474,15,medium,target_in_text;target_has_prop:0x3f:insn|no_reorder;target_prop_insn,standard J candidate
flk_dense,0x70017b2e,j,060402,0x70018340,,0x70018320,0x43,insn|no_reorder,1282,15,medium,target_in_text;target_has_prop:0x43:insn|no_reorder;target_prop_insn,standard J candidate
flk_dense,0x70017b10,j,060402,0x70018324,,0x70018320,0x43,insn|no_reorder,1254,15,medium,target_in_text;target_has_prop:0x43:insn|no_reorder;target_prop_insn,standard J candidate
flk_dense,0x70017af4,j,060402,0x70018308,,0x700182c5,0x59,insn|no_reorder,1226,15,medium,target_in_text;target_has_prop:0x59:insn|no_reorder;target_prop_insn,standard J candidate
flk_dense,0x70017adf,j,062118,0x7001db64,,0x7001db60,0x30,insn|data|no_reorder|no_transform,23846,15,medium,target_in_text;target_has_prop:0x30:insn|data|no_reorder|no_transform;target_prop_insn,standard J candidate
flk_dense,0x70017ad4,j,060402,0x700182e8,,0x700182c5,0x59,insn|no_reorder,1194,15,medium,target_in_text;target_has_prop:0x59:insn|no_reorder;target_prop_insn,standard J candidate
flk_dense,0x70017ac4,j,060402,0x700182d8,,0x700182c5,0x59,insn|no_reorder,1178,15,medium,target_in_text;target_has_prop:0x59:insn|no_reorder;target_prop_insn,standard J candidate
flk_dense,0x70017ab4,j,060402,0x700182c8,,0x700182c5,0x59,insn|no_reorder,1162,15,medium,target_in_text;target_has_prop:0x59:insn|no_reorder;target_prop_insn,standard J candidate
flk_dense,0x70017aa4,j,060402,0x700182b8,,0x70018225,0xa0,insn|data|no_reorder|no_transform,1146,15,medium,target_in_text;target_has_prop:0xa0:insn|data|no_reorder|no_transform;target_prop_insn,standard J candidate
flk_dense,0x70017a94,j,060402,0x700182a8,,0x70018225,0xa0,insn|data|no_reorder|no_transform,1130,15,medium,target_in_text;target_has_prop:0xa0:insn|data|no_reorder|no_transform;target_prop_insn,standard J candidate
flk_dense,0x70017a6d,j,060402,0x70018280,,0x70018225,0xa0,insn|data|no_reorder|no_transform,1090,15,medium,target_in_text;target_has_prop:0xa0:insn|data|no_reorder|no_transform;target_prop_insn,standard J candidate
flk_dense,0x70017a5a,j,060402,0x7001826c,,0x70018225,0xa0,insn|data|no_reorder|no_transform,1070,15,medium,target_in_text;target_has_prop:0xa0:insn|data|no_reorder|no_transform;target_prop_insn,standard J candidate
flk_dense,0x70017a4a,j,060402,0x7001825c,,0x70018225,0xa0,insn|data|no_reorder|no_transform,1054,15,medium,target_in_text;target_has_prop:0xa0:insn|data|no_reorder|no_transform;target_prop_insn,standard J candidate
flk_dense,0x70017a3a,j,060402,0x7001824c,,0x70018225,0xa0,insn|data|no_reorder|no_transform,1038,15,medium,target_in_text;target_has_prop:0xa0:insn|data|no_reorder|no_transform;target_prop_insn,standard J candidate
flk_dense,0x70017a2a,j,060402,0x7001823c,,0x70018225,0xa0,insn|data|no_reorder|no_transform,1022,15,medium,target_in_text;target_has_prop:0xa0:insn|data|no_reorder|no_transform;target_prop_insn,standard J candidate
flk_dense,0x700179d6,j,062208,0x70019a60,,0x70019a50,0x28,insn|no_reorder,7202,15,medium,target_in_text;target_has_prop:0x28:insn|no_reorder;target_prop_insn,standard J candidate
flk_dense,0x700179ab,j,06a61e,0x7001f444,,0x7001f42d,0x50,insn|no_reorder,30214,15,medium,target_in_text;target_has_prop:0x50:insn|no_reorder;target_prop_insn,standard J candidate
flk_dense,0x700179a4,j,060402,0x700181b8,,0x70018190,0x2d,insn|no_reorder,890,15,medium,target_in_text;target_has_prop:0x2d:insn|no_reorder;target_prop_insn,standard J candidate
flk_dense,0x700178fa,j,86cd48,0x70229c30,,0x70229c30,0x10,insn|no_reorder,1732996,15,medium,target_in_text;target_has_prop:0x10:insn|no_reorder;target_prop_insn,standard J candidate
flk_dense,0x7001787c,j,86fd78,0x70235c74,,0x702359ef,0x2c9,insn|data|no_reorder|no_transform,1782216,15,medium,target_in_text;target_has_prop:0x2c9:insn|data|no_reorder|no_transform;target_prop_insn,standard J candidate
flk_dense,0x7001771b,j,865c40,0x7022788c,,0x70227889,0x8,insn|no_reorder,1723872,15,medium,target_in_text;target_has_prop:0x8:insn|no_reorder;target_prop_insn,standard J candidate
flk_dense,0x70017575,j,060220,0x7001f580,,0x7001f550,0x40,insn|data|no_reorder|no_transform,30530,15,medium,target_in_text;target_has_prop:0x40:insn|data|no_reorder|no_transform;target_prop_insn,standard J candidate
flk_dense,0x70017415,j,86a520,0x7021f6ac,,0x7021f6aa,0x10,insn|data|no_reorder|no_transform,1690624,15,medium,target_in_text;target_has_prop:0x10:insn|data|no_reorder|no_transform;target_prop_insn,standard J candidate
flk_dense,0x700173ee,j,06014f,0x7002aff4,,0x7002afd0,0x43,insn|no_reorder,78262,15,medium,target_in_text;target_has_prop:0x43:insn|no_reorder;target_prop_insn,standard J candidate
flk_dense,0x70017289,j,06d480,0x700375dc,,0x700375da,0x8,insn|data|no_reorder|no_transform,128926,15,medium,target_in_text;target_has_prop:0x8:insn|data|no_reorder|no_transform;target_prop_insn,standard J candidate
flk_dense,0x70016f5d,j,060430,0x70022f70,,0x70022e75,0x371,insn|no_reorder,45362,15,medium,target_in_text;target_has_prop:0x371:insn|no_reorder;target_prop_insn,standard J candidate
flk_dense,0x70016dd1,j,8631a8,0x70240e98,,0x70240e5d,0xe3,insn|no_reorder,1827820,15,medium,target_in_text;target_has_prop:0xe3:insn|no_reorder;target_prop_insn,standard J candidate
flk_dense,0x70016d45,j,060151,0x7002b14c,,0x7002b13d,0x1f,insn|no_reorder,78606,15,medium,target_in_text;target_has_prop:0x1f:insn|no_reorder;target_prop_insn,standard J candidate
flk_dense,0x70016d11,j,065294,0x7003be5c,,0x7003bd13,0x2e9,insn|no_reorder,147486,15,medium,target_in_text;target_has_prop:0x2e9:insn|no_reorder;target_prop_insn,standard J candidate
flk_dense,0x70016c9e,j,86035a,0x7022d4ac,,0x7022d4a8,0x10,insn|data|no_reorder|no_transform,1747456,15,medium,target_in_text;target_has_prop:0x10:insn|data|no_reorder|no_transform;target_prop_insn,standard J candidate
flk_dense,0x70016ab3,j,067058,0x7002cc74,,0x7002cc72,0x10,insn|data|no_reorder|no_transform,85558,15,medium,target_in_text;target_has_prop:0x10:insn|data|no_reorder|no_transform;target_prop_insn,standard J candidate
flk_dense,0x70016a16,j,0631a8,0x70040adc,,0x70040ad8,0xb8,insn|no_reorder,167070,15,medium,target_in_text;target_has_prop:0xb8:insn|no_reorder;target_prop_insn,standard J candidate
flk_dense,0x70017458,j,060402,0x70017c6c,flk_dense,,,,92,14,medium,target_in_text;target_in_flk_dense,standard J candidate
ann_dense,0x70082b0e,callx8,e00800,,,,,,,10,high,indirect_call_no_static_target,exact callx8 a8 byte pattern
ann_dense,0x70082aa6,callx8,e00800,,,,,,,10,high,indirect_call_no_static_target,exact callx8 a8 byte pattern
ann_dense,0x70082a3e,callx8,e00800,,,,,,,10,high,indirect_call_no_static_target,exact callx8 a8 byte pattern
ann_dense,0x700829d6,callx8,e00800,,,,,,,10,high,indirect_call_no_static_target,exact callx8 a8 byte pattern
ann_dense,0x7008296e,callx8,e00800,,,,,,,10,high,indirect_call_no_static_target,exact callx8 a8 byte pattern
ann_dense,0x70082906,callx8,e00800,,,,,,,10,high,indirect_call_no_static_target,exact callx8 a8 byte pattern
ann_dense,0x7008289e,callx8,e00800,,,,,,,10,high,indirect_call_no_static_target,exact callx8 a8 byte pattern
ann_dense,0x70082836,callx8,e00800,,,,,,,10,high,indirect_call_no_static_target,exact callx8 a8 byte pattern
ann_dense,0x700827ce,callx8,e00800,,,,,,,10,high,indirect_call_no_static_target,exact callx8 a8 byte pattern
ann_dense,0x70082766,callx8,e00800,,,,,,,10,high,indirect_call_no_static_target,exact callx8 a8 byte pattern
ann_dense,0x700826fe,callx8,e00800,,,,,,,10,high,indirect_call_no_static_target,exact callx8 a8 byte pattern
ann_dense,0x70082696,callx8,e00800,,,,,,,10,high,indirect_call_no_static_target,exact callx8 a8 byte pattern
ann_dense,0x7008262e,callx8,e00800,,,,,,,10,high,indirect_call_no_static_target,exact callx8 a8 byte pattern
ann_dense,0x700825c6,callx8,e00800,,,,,,,10,high,indirect_call_no_static_target,exact callx8 a8 byte pattern
ann_dense,0x70082551,callx8,e00800,,,,,,,10,high,indirect_call_no_static_target,exact callx8 a8 byte pattern
ann_dense,0x700824da,callx8,e00800,,,,,,,10,high,indirect_call_no_static_target,exact callx8 a8 byte pattern
ann_dense,0x70082463,callx8,e00800,,,,,,,10,high,indirect_call_no_static_target,exact callx8 a8 byte pattern
ann_dense,0x700823ee,callx8,e00800,,,,,,,10,high,indirect_call_no_static_target,exact callx8 a8 byte pattern
ann_dense,0x70082377,callx8,e00800,,,,,,,10,high,indirect_call_no_static_target,exact callx8 a8 byte pattern
ann_dense,0x70082302,callx8,e00800,,,,,,,10,high,indirect_call_no_static_target,exact callx8 a8 byte pattern
ann_dense,0x7008228d,callx8,e00800,,,,,,,10,high,indirect_call_no_static_target,exact callx8 a8 byte pattern
ann_dense,0x70082217,callx8,e00800,,,,,,,10,high,indirect_call_no_static_target,exact callx8 a8 byte pattern
ann_dense,0x700821a2,callx8,e00800,,,,,,,10,high,indirect_call_no_static_target,exact callx8 a8 byte pattern
ann_dense,0x7008212d,callx8,e00800,,,,,,,10,high,indirect_call_no_static_target,exact callx8 a8 byte pattern
ann_dense,0x700820b7,callx8,e00800,,,,,,,10,high,indirect_call_no_static_target,exact callx8 a8 byte pattern
ann_dense,0x70082042,callx8,e00800,,,,,,,10,high,indirect_call_no_static_target,exact callx8 a8 byte pattern
ann_dense,0x70081fcd,callx8,e00800,,,,,,,10,high,indirect_call_no_static_target,exact callx8 a8 byte pattern
ann_dense,0x70081f56,callx8,e00800,,,,,,,10,high,indirect_call_no_static_target,exact callx8 a8 byte pattern
flk_dense,0x7001817b,callx8,e00800,,,,,,,10,high,indirect_call_no_static_target,exact callx8 a8 byte pattern
flk_dense,0x70018150,callx8,e00800,,,,,,,10,high,indirect_call_no_static_target,exact callx8 a8 byte pattern
flk_dense,0x70018121,callx8,e00800,,,,,,,10,high,indirect_call_no_static_target,exact callx8 a8 byte pattern
flk_dense,0x700180f2,callx8,e00800,,,,,,,10,high,indirect_call_no_static_target,exact callx8 a8 byte pattern
flk_dense,0x700180c8,callx8,e00800,,,,,,,10,high,indirect_call_no_static_target,exact callx8 a8 byte pattern
flk_dense,0x7001809d,callx8,e00800,,,,,,,10,high,indirect_call_no_static_target,exact callx8 a8 byte pattern
flk_dense,0x70018071,callx8,e00800,,,,,,,10,high,indirect_call_no_static_target,exact callx8 a8 byte pattern
flk_dense,0x70018042,callx8,e00800,,,,,,,10,high,indirect_call_no_static_target,exact callx8 a8 byte pattern
flk_dense,0x70018013,callx8,e00800,,,,,,,10,high,indirect_call_no_static_target,exact callx8 a8 byte pattern
flk_dense,0x70017fe4,callx8,e00800,,,,,,,10,high,indirect_call_no_static_target,exact callx8 a8 byte pattern
flk_dense,0x70017fb8,callx8,e00800,,,,,,,10,high,indirect_call_no_static_target,exact callx8 a8 byte pattern
flk_dense,0x70017f8d,callx8,e00800,,,,,,,10,high,indirect_call_no_static_target,exact callx8 a8 byte pattern
flk_dense,0x70017f5d,callx8,e00800,,,,,,,10,high,indirect_call_no_static_target,exact callx8 a8 byte pattern
flk_dense,0x70017f2d,callx8,e00800,,,,,,,10,high,indirect_call_no_static_target,exact callx8 a8 byte pattern
flk_dense,0x70017efe,callx8,e00800,,,,,,,10,high,indirect_call_no_static_target,exact callx8 a8 byte pattern
flk_dense,0x70017ed3,callx8,e00800,,,,,,,10,high,indirect_call_no_static_target,exact callx8 a8 byte pattern
flk_dense,0x70017ea4,callx8,e00800,,,,,,,10,high,indirect_call_no_static_target,exact callx8 a8 byte pattern
flk_dense,0x70017e75,callx8,e00800,,,,,,,10,high,indirect_call_no_static_target,exact callx8 a8 byte pattern
flk_dense,0x70017c86,callx8,e00800,,,,,,,10,high,indirect_call_no_static_target,exact callx8 a8 byte pattern
flk_dense,0x70017c36,callx8,e00800,,,,,,,10,high,indirect_call_no_static_target,exact callx8 a8 byte pattern
flk_dense,0x70017b00,callx8,e00800,,,,,,,10,high,indirect_call_no_static_target,exact callx8 a8 byte pattern
flk_dense,0x70017a81,callx8,e00800,,,,,,,10,high,indirect_call_no_static_target,exact callx8 a8 byte pattern
flk_dense,0x70017a5d,callx8,e00800,,,,,,,10,high,indirect_call_no_static_target,exact callx8 a8 byte pattern
flk_dense,0x700179fe,callx8,e00800,,,,,,,10,high,indirect_call_no_static_target,exact callx8 a8 byte pattern
flk_dense,0x7001797c,callx8,e00800,,,,,,,10,high,indirect_call_no_static_target,exact callx8 a8 byte pattern
flk_dense,0x7001761c,callx8,e00800,,,,,,,10,high,indirect_call_no_static_target,exact callx8 a8 byte pattern
flk_dense,0x70016b3e,callx8,e00800,,,,,,,10,high,indirect_call_no_static_target,exact callx8 a8 byte pattern
flk_dense,0x70016b0d,callx8,e00800,,,,,,,10,high,indirect_call_no_static_target,exact callx8 a8 byte pattern
flk_dense,0x70016add,callx8,e00800,,,,,,,10,high,indirect_call_no_static_target,exact callx8 a8 byte pattern
flk_dense,0x70016aae,callx8,e00800,,,,,,,10,high,indirect_call_no_static_target,exact callx8 a8 byte pattern
flk_dense,0x70016a7d,callx8,e00800,,,,,,,10,high,indirect_call_no_static_target,exact callx8 a8 byte pattern
flk_dense,0x70016a51,callx8,e00800,,,,,,,10,high,indirect_call_no_static_target,exact callx8 a8 byte pattern
flk_dense,0x70016a25,callx8,e00800,,,,,,,10,high,indirect_call_no_static_target,exact callx8 a8 byte pattern
ann_dense,0x700826fb,j,060402,0x70082f0c,,,,,1120,8,medium,target_in_text,standard J candidate
ann_dense,0x70082693,j,060402,0x70082ea4,,,,,1016,8,medium,target_in_text,standard J candidate
ann_dense,0x70082514,j,060402,0x70082d28,,,,,636,8,medium,target_in_text,standard J candidate
ann_dense,0x70082426,j,060402,0x70082c38,,,,,396,8,medium,target_in_text,standard J candidate
ann_dense,0x7008233a,j,060402,0x70082b4c,,,,,160,8,medium,target_in_text,standard J candidate
ann_dense,0x70082b11,j,86ecfc,0x702c1ec4,,,,,2356248,0,medium,,standard J candidate
ann_dense,0x70082b01,j,c65cc0,0x703b2c74,,,,,3342792,0,medium,,standard J candidate
ann_dense,0x70082aa9,j,8606fd,0x702c1ec4,,,,,2356248,0,medium,,standard J candidate
ann_dense,0x70082a99,j,c65cc0,0x703b2c0c,,,,,3342688,0,medium,,standard J candidate
ann_dense,0x70082a41,j,8620fd,0x702c1ec4,,,,,2356248,0,medium,,standard J candidate
ann_dense,0x70082a31,j,c65cc0,0x703b2ba4,,,,,3342584,0,medium,,standard J candidate
ann_dense,0x700829d9,j,863afd,0x702c1ec4,,,,,2356248,0,medium,,standard J candidate
ann_dense,0x700829c9,j,c65cc0,0x703b2b3c,,,,,3342480,0,medium,,standard J candidate
ann_dense,0x70082971,j,8654fd,0x702c1ec4,,,,,2356248,0,medium,,standard J candidate
ann_dense,0x70082961,j,c65cc0,0x703b2ad4,,,,,3342376,0,medium,,standard J candidate
ann_dense,0x70082909,j,866efd,0x702c1ec4,,,,,2356248,0,medium,,standard J candidate
ann_dense,0x700828f9,j,c65cc0,0x703b2a6c,,,,,3342272,0,medium,,standard J candidate
ann_dense,0x700828a1,j,8688fd,0x702c1ec4,,,,,2356248,0,medium,,standard J candidate
ann_dense,0x70082891,j,c65cc0,0x703b2a04,,,,,3342168,0,medium,,standard J candidate
ann_dense,0x70082839,j,86a2fd,0x702c1ec4,,,,,2356248,0,medium,,standard J candidate
ann_dense,0x70082829,j,c65cc0,0x703b299c,,,,,3342064,0,medium,,standard J candidate
ann_dense,0x700827d1,j,86bcfd,0x702c1ec4,,,,,2356248,0,medium,,standard J candidate
ann_dense,0x700827c1,j,c65cc0,0x703b2934,,,,,3341960,0,medium,,standard J candidate
ann_dense,0x70082769,j,86d6fd,0x702c1ec4,,,,,2356248,0,medium,,standard J candidate
ann_dense,0x70082759,j,c65cc0,0x703b28cc,,,,,3341856,0,medium,,standard J candidate
ann_dense,0x70082701,j,86f0fd,0x702c1ec4,,,,,2356248,0,medium,,standard J candidate
ann_dense,0x700826f1,j,c65cc0,0x703b2864,,,,,3341752,0,medium,,standard J candidate
ann_dense,0x70082699,j,860afe,0x702c1ec4,,,,,2356248,0,medium,,standard J candidate
ann_dense,0x70082689,j,c65cc0,0x703b27fc,,,,,3341648,0,medium,,standard J candidate
ann_dense,0x70082631,j,8624fe,0x702c1ec4,,,,,2356248,0,medium,,standard J candidate
ann_dense,0x70082621,j,c65cc0,0x703b2794,,,,,3341544,0,medium,,standard J candidate
ann_dense,0x700825c9,j,863efe,0x702c1ec4,,,,,2356248,0,medium,,standard J candidate
ann_dense,0x700825b9,j,c65cc0,0x703b272c,,,,,3341440,0,medium,,standard J candidate
ann_dense,0x70082554,j,c65bfe,0x703c1ec4,,,,,3404824,0,medium,,standard J candidate
ann_dense,0x70082544,j,c65cc0,0x703b26b8,,,,,3341324,0,medium,,standard J candidate
ann_dense,0x700824dd,j,8679fe,0x702c1ec4,,,,,2356248,0,medium,,standard J candidate
ann_dense,0x700824cd,j,c65cc0,0x703b2640,,,,,3341204,0,medium,,standard J candidate
ann_dense,0x70082456,j,c65cc0,0x703b25c8,,,,,3341084,0,medium,,standard J candidate
ann_dense,0x700823f1,j,86b4fe,0x702c1ec4,,,,,2356248,0,medium,,standard J candidate
ann_dense,0x700823e1,j,c65cc0,0x703b2554,,,,,3340968,0,medium,,standard J candidate
ann_dense,0x7008236a,j,c65cc0,0x703b24dc,,,,,3340848,0,medium,,standard J candidate
ann_dense,0x70082305,j,86effe,0x702c1ec4,,,,,2356248,0,medium,,standard J candidate
ann_dense,0x700822f5,j,c65cc0,0x703b2468,,,,,3340732,0,medium,,standard J candidate
ann_dense,0x70082290,j,c60cff,0x703c1ec4,,,,,3404824,0,medium,,standard J candidate
ann_dense,0x70082280,j,c65cc0,0x703b23f4,,,,,3340616,0,medium,,standard J candidate
ann_dense,0x7008220a,j,c65cc0,0x703b237c,,,,,3340496,0,medium,,standard J candidate
ann_dense,0x700821a5,j,8647ff,0x702c1ec4,,,,,2356248,0,medium,,standard J candidate
ann_dense,0x70082195,j,c65cc0,0x703b2308,,,,,3340380,0,medium,,standard J candidate
ann_dense,0x70082130,j,c664ff,0x703c1ec4,,,,,3404824,0,medium,,standard J candidate
ann_dense,0x70082120,j,c65cc0,0x703b2294,,,,,3340264,0,medium,,standard J candidate
ann_dense,0x700820aa,j,c65cc0,0x703b221c,,,,,3340144,0,medium,,standard J candidate
ann_dense,0x70082045,j,869fff,0x702c1ec4,,,,,2356248,0,medium,,standard J candidate
ann_dense,0x70082035,j,c65cc0,0x703b21a8,,,,,3340028,0,medium,,standard J candidate
ann_dense,0x70081fd0,j,c6bcff,0x703c1ec4,,,,,3404824,0,medium,,standard J candidate
ann_dense,0x70081fc0,j,c65cc0,0x703b2134,,,,,3339912,0,medium,,standard J candidate
ann_dense,0x70081f59,j,86daff,0x702c1ec4,,,,,2356248,0,medium,,standard J candidate
ann_dense,0x70081f49,j,c65cc0,0x703b20bc,,,,,3339792,0,medium,,standard J candidate
flk_dense,0x70017e25,j,c6e0fa,0x703569a8,,,,,2965244,0,medium,,standard J candidate
flk_dense,0x70017df9,j,c6ebfa,0x703569a8,,,,,2965244,0,medium,,standard J candidate
flk_dense,0x70017dcd,j,c6f6fa,0x703569a8,,,,,2965244,0,medium,,standard J candidate
flk_dense,0x70017da1,j,c601fb,0x703569a8,,,,,2965244,0,medium,,standard J candidate
flk_dense,0x70017d75,j,c60cfb,0x703569a8,,,,,2965244,0,medium,,standard J candidate
flk_dense,0x70017d49,j,c617fb,0x703569a8,,,,,2965244,0,medium,,standard J candidate
flk_dense,0x70017d1d,j,c622fb,0x703569a8,,,,,2965244,0,medium,,standard J candidate
flk_dense,0x70017cf1,j,c62dfb,0x703569a8,,,,,2965244,0,medium,,standard J candidate
flk_dense,0x70017cc5,j,c6b9fb,0x70356bac,,,,,2965760,0,medium,,standard J candidate
flk_dense,0x700173c7,j,c6605c,0x7032e548,,,,,2800284,0,medium,,standard J candidate
flk_dense,0x70017128,j,c6b101,0x703177f0,,,,,2706756,0,medium,,standard J candidate
flk_dense,0x7001701c,j,c62101,0x703174a4,,,,,2705912,0,medium,,standard J candidate
flk_dense,0x70016f39,j,c68e90,0x7033b174,,,,,2852552,0,medium,,standard J candidate
flk_dense,0x70016dcc,j,c6325c,0x7032de98,,,,,2798572,0,medium,,standard J candidate
flk_dense,0x70016be1,j,c60af9,0x7035500c,,,,,2958688,0,medium,,standard J candidate
flk_dense,0x70016bd7,j,c661e4,0x7034fd5c,,,,,2937520,0,medium,,standard J candidate
flk_dense,0x70016ba5,j,c60100,0x70316bac,,,,,2703616,0,medium,,standard J candidate
