table,index,target,target_region,relation,component_id,distance,block_start,block_end,block_confidence,extent_status
A,0,0x70017d41,flk_dense,nearest_block_start,comp_011,7,0x70017d48,0x70017d4c,entry,fallthrough_to_next_start
A,1,0x70017dba,flk_dense,nearest_block_start,comp_013,26,0x70017da0,0x70017da4,entry,fallthrough_to_next_start
A,2,0x70017daf,flk_dense,nearest_block_start,comp_013,15,0x70017da0,0x70017da4,entry,fallthrough_to_next_start
A,3,0x70017da4,flk_dense,successor_node,comp_013,0,,,,
A,4,0x70017d99,flk_dense,nearest_block_start,comp_013,7,0x70017da0,0x70017da4,entry,fallthrough_to_next_start
A,5,0x70017d8e,flk_dense,nearest_block_start,comp_013,18,0x70017da0,0x70017da4,entry,fallthrough_to_next_start
A,6,0x70017d83,flk_dense,nearest_block_start,comp_013,29,0x70017da0,0x70017da4,entry,fallthrough_to_next_start
A,7,0x70017d78,flk_dense,nearest_block_start,comp_012,32,0x70017d58,0x70017d62,entry,fallthrough_to_next_start
A,8,0x70017d6d,flk_dense,nearest_block_start,comp_012,21,0x70017d58,0x70017d62,entry,fallthrough_to_next_start
A,9,0x70017d62,flk_dense,successor_node,comp_012,0,,,,
A,10,0x70017d57,flk_dense,nearest_block_start,comp_012,1,0x70017d58,0x70017d62,entry,fallthrough_to_next_start
A,11,0x70017d4c,flk_dense,successor_node,comp_011,0,,,,
B,0,0x70017dc5,flk_dense,nearest_block_start,comp_013,37,0x70017da0,0x70017da4,entry,fallthrough_to_next_start
B,1,0x70017e3e,flk_dense,nearest_block_start,comp_006,2,0x70017e40,0x70017e48,entry,fallthrough_to_next_start
B,2,0x70017e33,flk_dense,nearest_block_start,comp_006,13,0x70017e40,0x70017e48,entry,fallthrough_to_next_start
B,3,0x70017e28,flk_dense,successor_node,comp_016,0,,,,
B,4,0x70017e1d,flk_dense,nearest_block_start,comp_016,3,0x70017e20,0x70017e28,entry,fallthrough_to_next_start
B,5,0x70017e12,flk_dense,successor_node,comp_015,0,,,,
B,6,0x70017e07,flk_dense,successor_node,comp_014,0,,,,
B,7,0x70017dfc,flk_dense,nearest_block_start,comp_014,4,0x70017e00,0x70017e07,entry,fallthrough_to_next_start
B,8,0x70017df1,flk_dense,nearest_block_start,comp_014,15,0x70017e00,0x70017e07,entry,fallthrough_to_next_start
B,9,0x70017de6,flk_dense,nearest_block_start,comp_014,26,0x70017e00,0x70017e07,entry,fallthrough_to_next_start
B,10,0x70017ddb,flk_dense,nearest_block_start,comp_014,37,0x70017e00,0x70017e07,entry,fallthrough_to_next_start
B,11,0x70017dd0,flk_dense,nearest_block_start,comp_013,48,0x70017da0,0x70017da4,entry,fallthrough_to_next_start
C,0,0x70017cc8,flk_dense,nearest_block_start,comp_008,8,0x70017cd0,0x70017cd1,entry,fallthrough_to_next_start
C,1,0x700169a4,flk_dense,nearest_block_start,comp_000,8,0x700169ac,0x700169d1,strong,terminated_by_pcrel_source
C,2,0x70017d36,flk_dense,nearest_block_start,comp_011,18,0x70017d48,0x70017d4c,entry,fallthrough_to_next_start
C,3,0x70017d2b,flk_dense,nearest_block_start,comp_036,27,0x70017d10,0x70017d15,entry,fallthrough_to_next_start
C,4,0x70017d20,flk_dense,nearest_block_start,comp_036,16,0x70017d10,0x70017d15,entry,fallthrough_to_next_start
C,5,0x70017d15,flk_dense,successor_node,comp_036,0,,,,
C,6,0x70017d0a,flk_dense,successor_node,comp_010,0,,,,
C,7,0x70017cff,flk_dense,nearest_block_start,comp_010,1,0x70017d00,0x70017d0a,entry,fallthrough_to_next_start
C,8,0x70017cf4,flk_dense,successor_node,comp_035,0,,,,
C,9,0x70017ce9,flk_dense,successor_node,comp_009,0,,,,
C,10,0x70017cde,flk_dense,nearest_block_start,comp_009,2,0x70017ce0,0x70017ce9,entry,fallthrough_to_next_start
C,11,0x70017cd3,flk_dense,nearest_block_start,comp_008,3,0x70017cd0,0x70017cd1,entry,fallthrough_to_next_start
D,0,0x70081ee7,ann_dense,exact_block_start,comp_038,0,0x70081ee7,0x70081f1c,medium,terminated_by_pcrel_source
D,1,0x70082aac,ann_dense,nearest_block_start,comp_049,16,0x70082a9c,0x70082aa6,entry,fallthrough_to_next_start
D,2,0x70082a44,ann_dense,nearest_block_start,comp_047,28,0x70082a28,0x70082a2e,entry,fallthrough_to_next_start
D,3,0x700829dc,ann_dense,nearest_block_start,comp_047,16,0x700829ec,0x70082a28,entry,fallthrough_to_next_start
D,4,0x70082974,ann_dense,nearest_block_start,comp_046,4,0x70082978,0x700829b0,entry,fallthrough_to_next_start
D,5,0x7008290c,ann_dense,nearest_block_start,comp_044,8,0x70082904,0x70082906,entry,fallthrough_to_next_start
D,6,0x700828a4,ann_dense,nearest_block_start,comp_042,24,0x7008288c,0x7008288e,entry,fallthrough_to_next_start
D,7,0x7008283c,ann_dense,nearest_block_start,comp_042,20,0x70082850,0x7008288c,entry,fallthrough_to_next_start
D,8,0x700827d4,ann_dense,nearest_block_start,comp_041,8,0x700827dc,0x70082818,entry,fallthrough_to_next_start
D,9,0x7008276c,ann_dense,nearest_block_start,comp_039,8,0x70082764,0x70082766,entry,fallthrough_to_next_start
D,10,0x70082704,ann_dense,nearest_block_start,comp_037,28,0x700826e8,0x700826ee,entry,fallthrough_to_next_start
D,11,0x7008269c,ann_dense,nearest_block_start,comp_037,76,0x700826e8,0x700826ee,entry,fallthrough_to_next_start
D,12,0x70082634,ann_dense,nearest_block_start,comp_037,180,0x700826e8,0x700826ee,entry,fallthrough_to_next_start
D,13,0x700825cc,ann_dense,nearest_block_start,comp_037,284,0x700826e8,0x700826ee,entry,fallthrough_to_next_start
D,14,0x70082557,ann_dense,nearest_block_start,comp_037,401,0x700826e8,0x700826ee,entry,fallthrough_to_next_start
D,15,0x700824e2,ann_dense,nearest_block_start,comp_051,496,0x700822f2,0x70082302,medium,terminated_by_pcrel_source
D,16,0x7008246b,ann_dense,nearest_block_start,comp_051,377,0x700822f2,0x70082302,medium,terminated_by_pcrel_source
D,17,0x700823f4,ann_dense,nearest_block_start,comp_051,258,0x700822f2,0x70082302,medium,terminated_by_pcrel_source
D,18,0x7008237f,ann_dense,nearest_block_start,comp_051,141,0x700822f2,0x70082302,medium,terminated_by_pcrel_source
D,19,0x70082308,ann_dense,nearest_block_start,comp_051,22,0x700822f2,0x70082302,medium,terminated_by_pcrel_source
D,20,0x70082293,ann_dense,exact_block_start,comp_050,0,0x70082293,0x700822c8,medium,terminated_by_pcrel_source
D,21,0x70081ec5,ann_dense,nearest_block_start,comp_037,2,0x70081ec7,0x70081eda,medium,terminated_by_pcrel_source
D,22,0x70081ec5,ann_dense,nearest_block_start,comp_037,2,0x70081ec7,0x70081eda,medium,terminated_by_pcrel_source
D,23,0x7008221e,ann_dense,exact_block_start,comp_048,0,0x7008221e,0x70082253,medium,terminated_by_pcrel_source
D,24,0x700821a8,ann_dense,exact_block_start,comp_047,0,0x700821a8,0x700821dd,medium,terminated_by_pcrel_source
D,25,0x70082133,ann_dense,exact_block_start,comp_046,0,0x70082133,0x70082168,landing,terminated_by_pcrel_source
D,26,0x700820be,ann_dense,exact_block_start,comp_044,0,0x700820be,0x700820f3,landing,terminated_by_pcrel_source
D,27,0x70082048,ann_dense,exact_block_start,comp_042,0,0x70082048,0x7008207d,medium,terminated_by_pcrel_source
D,28,0x70081ec5,ann_dense,nearest_block_start,comp_037,2,0x70081ec7,0x70081eda,medium,terminated_by_pcrel_source
D,29,0x70081fd3,ann_dense,exact_block_start,comp_041,0,0x70081fd3,0x70082008,medium,terminated_by_pcrel_source
D,30,0x70081f5e,ann_dense,exact_block_start,comp_040,0,0x70081f5e,0x70081f6e,medium,terminated_by_pcrel_source
