target,target_region,target_prop_size,target_prop_flags,pcrel_class,confidence,vote_count,score_sum,source_min,source_max,raw_counts,source_samples
0x700171e0,flk_dense,0x5f6,insn|data|loop_target|no_reorder|no_transform,strong_dense_control_target,strong,1,29,0x700169ce,0x700169ce,060402:1,0x700169ce:060402
0x700171f8,flk_dense,0x5f6,insn|data|loop_target|no_reorder|no_transform,strong_dense_control_target,strong,1,29,0x700169e6,0x700169e6,060402:1,0x700169e6:060402
0x70017220,flk_dense,0x5f6,insn|data|loop_target|no_reorder|no_transform,strong_dense_control_target,strong,1,29,0x70016a0c,0x70016a0c,060402:1,0x70016a0c:060402
0x70017230,flk_dense,0x5f6,insn|data|loop_target|no_reorder|no_transform,strong_dense_control_target,strong,1,29,0x70016a1c,0x70016a1c,060402:1,0x70016a1c:060402
0x70017248,flk_dense,0x5f6,insn|data|loop_target|no_reorder|no_transform,strong_dense_control_target,strong,1,29,0x70016a35,0x70016a35,060402:1,0x70016a35:060402
0x7001725c,flk_dense,0x5f6,insn|data|loop_target|no_reorder|no_transform,strong_dense_control_target,strong,1,29,0x70016a48,0x70016a48,060402:1,0x70016a48:060402
0x70017274,flk_dense,0x5f6,insn|data|loop_target|no_reorder|no_transform,strong_dense_control_target,strong,1,29,0x70016a61,0x70016a61,060402:1,0x70016a61:060402
0x70017288,flk_dense,0x5f6,insn|data|loop_target|no_reorder|no_transform,strong_dense_control_target,strong,1,29,0x70016a74,0x70016a74,060402:1,0x70016a74:060402
0x700172a0,flk_dense,0x5f6,insn|data|loop_target|no_reorder|no_transform,strong_dense_control_target,strong,1,29,0x70016a8d,0x70016a8d,060402:1,0x70016a8d:060402
0x700172b8,flk_dense,0x5f6,insn|data|loop_target|no_reorder|no_transform,strong_dense_control_target,strong,1,29,0x70016aa5,0x70016aa5,060402:1,0x70016aa5:060402
0x700172d0,flk_dense,0x5f6,insn|data|loop_target|no_reorder|no_transform,strong_dense_control_target,strong,1,29,0x70016abe,0x70016abe,060402:1,0x70016abe:060402
0x700172e8,flk_dense,0x5f6,insn|data|loop_target|no_reorder|no_transform,strong_dense_control_target,strong,1,29,0x70016ad4,0x70016ad4,060402:1,0x70016ad4:060402
0x70017300,flk_dense,0x5f6,insn|data|loop_target|no_reorder|no_transform,strong_dense_control_target,strong,1,29,0x70016aed,0x70016aed,060402:1,0x70016aed:060402
0x70017318,flk_dense,0x5f6,insn|data|loop_target|no_reorder|no_transform,strong_dense_control_target,strong,1,29,0x70016b04,0x70016b04,060402:1,0x70016b04:060402
0x70017330,flk_dense,0x5f6,insn|data|loop_target|no_reorder|no_transform,strong_dense_control_target,strong,1,29,0x70016b1d,0x70016b1d,060402:1,0x70016b1d:060402
0x70017348,flk_dense,0x5f6,insn|data|loop_target|no_reorder|no_transform,strong_dense_control_target,strong,1,29,0x70016b35,0x70016b35,060402:1,0x70016b35:060402
0x70017360,flk_dense,0x5f6,insn|data|loop_target|no_reorder|no_transform,strong_dense_control_target,strong,1,29,0x70016b4e,0x70016b4e,060402:1,0x70016b4e:060402
0x70017398,flk_dense,0x5f6,insn|data|loop_target|no_reorder|no_transform,strong_dense_control_target,strong,1,29,0x70016b85,0x70016b85,060402:1,0x70016b85:060402
0x700173d0,flk_dense,0x5f6,insn|data|loop_target|no_reorder|no_transform,strong_dense_control_target,strong,1,29,0x70016bbd,0x70016bbd,060402:1,0x70016bbd:060402
0x700173f0,flk_dense,0x5f6,insn|data|loop_target|no_reorder|no_transform,strong_dense_control_target,strong,1,29,0x70016bdc,0x70016bdc,060402:1,0x70016bdc:060402
0x70017400,flk_dense,0x5f6,insn|data|loop_target|no_reorder|no_transform,strong_dense_control_target,strong,1,29,0x70016bec,0x70016bec,060402:1,0x70016bec:060402
0x70017410,flk_dense,0x5f6,insn|data|loop_target|no_reorder|no_transform,strong_dense_control_target,strong,1,29,0x70016bfc,0x70016bfc,060402:1,0x70016bfc:060402
0x70017440,flk_dense,0x5f6,insn|data|loop_target|no_reorder|no_transform,strong_dense_control_target,strong,1,29,0x70016c2c,0x70016c2c,060402:1,0x70016c2c:060402
0x70017460,flk_dense,0x5f6,insn|data|loop_target|no_reorder|no_transform,strong_dense_control_target,strong,1,29,0x70016c4c,0x70016c4c,060402:1,0x70016c4c:060402
0x70017468,flk_dense,0x5f6,insn|data|loop_target|no_reorder|no_transform,strong_dense_control_target,strong,1,29,0x700170d7,0x700170d7,06e400:1,0x700170d7:06e400
0x70017470,flk_dense,0x5f6,insn|data|loop_target|no_reorder|no_transform,strong_dense_control_target,strong,1,29,0x70016c5c,0x70016c5c,060402:1,0x70016c5c:060402
0x70017480,flk_dense,0x5f6,insn|data|loop_target|no_reorder|no_transform,strong_dense_control_target,strong,1,29,0x70016c6c,0x70016c6c,060402:1,0x70016c6c:060402
0x700174bc,flk_dense,0x5f6,insn|data|loop_target|no_reorder|no_transform,strong_dense_control_target,strong,1,29,0x70016ca9,0x70016ca9,060402:1,0x70016ca9:060402
0x700174cc,flk_dense,0x5f6,insn|data|loop_target|no_reorder|no_transform,strong_dense_control_target,strong,1,29,0x70016cb9,0x70016cb9,060402:1,0x70016cb9:060402
0x700174e0,flk_dense,0x5f6,insn|data|loop_target|no_reorder|no_transform,strong_dense_control_target,strong,1,29,0x70016ccc,0x70016ccc,060402:1,0x70016ccc:060402
0x70017510,flk_dense,0xdc,insn|data|branch_target|no_reorder|no_transform,strong_dense_control_target,strong,1,29,0x70016cfc,0x70016cfc,060402:1,0x70016cfc:060402
0x70017520,flk_dense,0xdc,insn|data|branch_target|no_reorder|no_transform,strong_dense_control_target,strong,1,29,0x70016d0c,0x70016d0c,060402:1,0x70016d0c:060402
0x70017540,flk_dense,0xdc,insn|data|branch_target|no_reorder|no_transform,strong_dense_control_target,strong,1,29,0x70016d2c,0x70016d2c,060402:1,0x70016d2c:060402
0x7001756c,flk_dense,0xdc,insn|data|branch_target|no_reorder|no_transform,strong_dense_control_target,strong,1,29,0x70016d5a,0x70016d5a,060402:1,0x70016d5a:060402
0x7001757c,flk_dense,0xdc,insn|data|branch_target|no_reorder|no_transform,strong_dense_control_target,strong,1,29,0x70016d6a,0x70016d6a,060402:1,0x70016d6a:060402
0x7001758c,flk_dense,0xdc,insn|data|branch_target|no_reorder|no_transform,strong_dense_control_target,strong,1,29,0x70016d7a,0x70016d7a,060402:1,0x70016d7a:060402
0x7001759c,flk_dense,0xdc,insn|data|branch_target|no_reorder|no_transform,strong_dense_control_target,strong,1,29,0x70016d8a,0x70016d8a,060402:1,0x70016d8a:060402
0x700175d0,flk_dense,0xdc,insn|data|branch_target|no_reorder|no_transform,strong_dense_control_target,strong,1,29,0x70016dbf,0x70016dbf,060402:1,0x70016dbf:060402
0x700175e0,flk_dense,0x1e1,insn|data|branch_target|no_reorder|no_transform,strong_dense_control_target,strong,1,29,0x70017555,0x70017555,062200:1,0x70017555:062200
0x700175e8,flk_dense,0x1e1,insn|data|branch_target|no_reorder|no_transform,strong_dense_control_target,strong,1,29,0x70016dd7,0x70016dd7,060402:1,0x70016dd7:060402
0x700175f8,flk_dense,0x1e1,insn|data|branch_target|no_reorder|no_transform,strong_dense_control_target,strong,1,29,0x70016de7,0x70016de7,060402:1,0x70016de7:060402
0x70017608,flk_dense,0x1e1,insn|data|branch_target|no_reorder|no_transform,strong_dense_control_target,strong,1,29,0x70016df7,0x70016df7,060402:1,0x70016df7:060402
0x70017624,flk_dense,0x1e1,insn|data|branch_target|no_reorder|no_transform,strong_dense_control_target,strong,1,29,0x70017598,0x70017598,062200:1,0x70017598:062200
0x70017628,flk_dense,0x1e1,insn|data|branch_target|no_reorder|no_transform,strong_dense_control_target,strong,1,29,0x70016e17,0x70016e17,060402:1,0x70016e17:060402
0x70017638,flk_dense,0x1e1,insn|data|branch_target|no_reorder|no_transform,strong_dense_control_target,strong,1,29,0x70016e27,0x70016e27,060402:1,0x70016e27:060402
0x70017688,flk_dense,0x1e1,insn|data|branch_target|no_reorder|no_transform,strong_dense_control_target,strong,1,29,0x70016e77,0x70016e77,060402:1,0x70016e77:060402
0x70017698,flk_dense,0x1e1,insn|data|branch_target|no_reorder|no_transform,strong_dense_control_target,strong,1,29,0x70016e87,0x70016e87,060402:1,0x70016e87:060402
0x700176c8,flk_dense,0x1e1,insn|data|branch_target|no_reorder|no_transform,strong_dense_control_target,strong,1,29,0x70016eb7,0x70016eb7,060402:1,0x70016eb7:060402
0x700176e0,flk_dense,0x1e1,insn|data|branch_target|no_reorder|no_transform,strong_dense_control_target,strong,1,29,0x70016ecf,0x70016ecf,060402:1,0x70016ecf:060402
0x700176f0,flk_dense,0x1e1,insn|data|branch_target|no_reorder|no_transform,strong_dense_control_target,strong,1,29,0x70016edf,0x70016edf,060402:1,0x70016edf:060402
0x70017738,flk_dense,0x1e1,insn|data|branch_target|no_reorder|no_transform,strong_dense_control_target,strong,1,29,0x70016f24,0x70016f24,060402:1,0x70016f24:060402
0x70017748,flk_dense,0x1e1,insn|data|branch_target|no_reorder|no_transform,strong_dense_control_target,strong,1,29,0x70016f34,0x70016f34,060402:1,0x70016f34:060402
0x70017760,flk_dense,0x1e1,insn|data|branch_target|no_reorder|no_transform,strong_dense_control_target,strong,1,29,0x70016f4c,0x70016f4c,060402:1,0x70016f4c:060402
0x70017778,flk_dense,0x1e1,insn|data|branch_target|no_reorder|no_transform,strong_dense_control_target,strong,1,29,0x70016f64,0x70016f64,060402:1,0x70016f64:060402
0x70017798,flk_dense,0x1e1,insn|data|branch_target|no_reorder|no_transform,strong_dense_control_target,strong,1,29,0x70016f84,0x70016f84,060402:1,0x70016f84:060402
0x700177b8,flk_dense,0x1e1,insn|data|branch_target|no_reorder|no_transform,strong_dense_control_target,strong,1,29,0x70016fa4,0x70016fa4,060402:1,0x70016fa4:060402
0x700177dc,flk_dense,0x54,insn|data|branch_target|no_reorder|no_transform,strong_dense_control_target,strong,1,29,0x70017750,0x70017750,062200:1,0x70017750:062200
0x70017808,flk_dense,0x54,insn|data|branch_target|no_reorder|no_transform,strong_dense_control_target,strong,1,29,0x70016ff4,0x70016ff4,060402:1,0x70016ff4:060402
0x70017818,flk_dense,0x3f,insn|data|branch_target|no_reorder|no_transform,strong_dense_control_target,strong,1,29,0x70017004,0x70017004,060402:1,0x70017004:060402
0x70017838,flk_dense,0x3f,insn|data|branch_target|no_reorder|no_transform,strong_dense_control_target,strong,1,29,0x70017024,0x70017024,060402:1,0x70017024:060402
0x70017858,flk_dense,0x3f,insn|data|branch_target|no_reorder|no_transform,strong_dense_control_target,strong,1,29,0x70017044,0x70017044,060402:1,0x70017044:060402
0x70017868,flk_dense,0x3f,insn|data|branch_target|no_reorder|no_transform,strong_dense_control_target,strong,1,29,0x70017054,0x70017054,060402:1,0x70017054:060402
0x70017878,flk_dense,0x3f,insn|data|branch_target|no_reorder|no_transform,strong_dense_control_target,strong,1,29,0x70017064,0x70017064,060402:1,0x70017064:060402
0x70017890,flk_dense,0x3f,insn|data|branch_target|no_reorder|no_transform,strong_dense_control_target,strong,1,29,0x7001707f,0x7001707f,060402:1,0x7001707f:060402
0x700178ac,flk_dense,0x3f,insn|data|branch_target|no_reorder|no_transform,strong_dense_control_target,strong,1,29,0x70017098,0x70017098,060402:1,0x70017098:060402
0x700178bc,flk_dense,0x3f,insn|data|branch_target|no_reorder|no_transform,strong_dense_control_target,strong,1,29,0x700170a8,0x700170a8,060402:1,0x700170a8:060402
0x700178cc,flk_dense,0x3f,insn|data|branch_target|no_reorder|no_transform,strong_dense_control_target,strong,1,29,0x700170b8,0x700170b8,060402:1,0x700170b8:060402
0x70017904,flk_dense,0x3f,insn|data|branch_target|no_reorder|no_transform,strong_dense_control_target,strong,1,29,0x700170f0,0x700170f0,060402:1,0x700170f0:060402
0x70017914,flk_dense,0x1d,insn|data|branch_target|no_reorder|no_transform,strong_dense_control_target,strong,1,29,0x70017100,0x70017100,060402:1,0x70017100:060402
0x70017944,flk_dense,0xd1,insn|data|branch_target|no_reorder|no_transform,strong_dense_control_target,strong,1,29,0x70017130,0x70017130,060402:1,0x70017130:060402
0x70017954,flk_dense,0xd1,insn|data|branch_target|no_reorder|no_transform,strong_dense_control_target,strong,1,29,0x70017140,0x70017140,060402:1,0x70017140:060402
0x70017964,flk_dense,0xd1,insn|data|branch_target|no_reorder|no_transform,strong_dense_control_target,strong,1,29,0x70017150,0x70017150,060402:1,0x70017150:060402
0x70017974,flk_dense,0xd1,insn|data|branch_target|no_reorder|no_transform,strong_dense_control_target,strong,1,29,0x70017160,0x70017160,060402:1,0x70017160:060402
0x70017984,flk_dense,0xd1,insn|data|branch_target|no_reorder|no_transform,strong_dense_control_target,strong,1,29,0x70017170,0x70017170,060402:1,0x70017170:060402
0x7001799c,flk_dense,0xd1,insn|data|branch_target|no_reorder|no_transform,strong_dense_control_target,strong,1,29,0x70017188,0x70017188,060402:1,0x70017188:060402
0x700179ac,flk_dense,0xd1,insn|data|branch_target|no_reorder|no_transform,strong_dense_control_target,strong,1,29,0x70017198,0x70017198,060402:1,0x70017198:060402
0x700179cc,flk_dense,0xd1,insn|data|branch_target|no_reorder|no_transform,strong_dense_control_target,strong,1,29,0x700171b8,0x700171b8,060402:1,0x700171b8:060402
0x700179dc,flk_dense,0xd1,insn|data|branch_target|no_reorder|no_transform,strong_dense_control_target,strong,1,29,0x700171c8,0x700171c8,060402:1,0x700171c8:060402
0x700179ec,flk_dense,0xd1,insn|data|branch_target|no_reorder|no_transform,strong_dense_control_target,strong,1,29,0x700171d8,0x700171d8,060402:1,0x700171d8:060402
0x700179f4,flk_dense,0xd1,insn|data|branch_target|no_reorder|no_transform,strong_dense_control_target,strong,1,29,0x7001796b,0x7001796b,062200:1,0x7001796b:062200
0x70017a04,flk_dense,0x83,insn|data|branch_target|no_reorder|no_transform,strong_dense_control_target,strong,1,29,0x700171f3,0x700171f3,060402:1,0x700171f3:060402
0x70017a3c,flk_dense,0x83,insn|data|branch_target|no_reorder|no_transform,strong_dense_control_target,strong,1,29,0x70017229,0x70017229,060402:1,0x70017229:060402
0x70017a7c,flk_dense,0x83,insn|data|branch_target|no_reorder|no_transform,strong_dense_control_target,strong,1,29,0x7001726a,0x7001726a,060402:1,0x7001726a:060402
0x70017a94,flk_dense,0xfd,insn|data|branch_target|no_reorder|no_transform,strong_dense_control_target,strong,1,29,0x70017282,0x70017282,060402:1,0x70017282:060402
0x70017b14,flk_dense,0xfd,insn|data|branch_target|no_reorder|no_transform,strong_dense_control_target,strong,1,29,0x70017300,0x70017300,060402:1,0x70017300:060402
0x70017b3c,flk_dense,0xfd,insn|data|branch_target|no_reorder|no_transform,strong_dense_control_target,strong,1,29,0x70017328,0x70017328,060402:1,0x70017328:060402
0x70017b4c,flk_dense,0xfd,insn|data|branch_target|no_reorder|no_transform,strong_dense_control_target,strong,1,29,0x70017338,0x70017338,060402:1,0x70017338:060402
0x70017b5c,flk_dense,0xfd,insn|data|branch_target|no_reorder|no_transform,strong_dense_control_target,strong,1,29,0x7001734b,0x7001734b,060402:1,0x7001734b:060402
0x70017bc8,flk_dense,0xaf,insn|data|branch_target|no_reorder|no_transform,strong_dense_control_target,strong,1,29,0x700173b7,0x700173b7,060402:1,0x700173b7:060402
0x70017be4,flk_dense,0xaf,insn|data|branch_target|no_reorder|no_transform,strong_dense_control_target,strong,1,29,0x700173d2,0x700173d2,060402:1,0x700173d2:060402
0x70017c18,flk_dense,0xaf,insn|data|branch_target|no_reorder|no_transform,strong_dense_control_target,strong,1,29,0x70017405,0x70017405,060402:1,0x70017405:060402
0x70017c5c,flk_dense,0x21,insn|data|branch_target|no_reorder|no_transform,strong_dense_control_target,strong,1,29,0x70017448,0x70017448,060402:1,0x70017448:060402
0x70017c8c,flk_dense,0x2c,insn|data|branch_target|no_reorder|no_transform,strong_dense_control_target,strong,1,29,0x70017478,0x70017478,060402:1,0x70017478:060402
0x70017c9c,flk_dense,0x21,insn|data|branch_target|no_reorder|no_transform,strong_dense_control_target,strong,1,29,0x70017488,0x70017488,060402:1,0x70017488:060402
0x70017cac,flk_dense,0x21,insn|data|branch_target|no_reorder|no_transform,strong_dense_control_target,strong,1,29,0x70017498,0x70017498,060402:1,0x70017498:060402
0x70017cbc,flk_dense,0x21,insn|data|branch_target|no_reorder|no_transform,strong_dense_control_target,strong,1,29,0x700174ab,0x700174ab,060402:1,0x700174ab:060402
0x70018000,flk_dense,0x2f,insn|data|branch_target|no_reorder|no_transform,strong_dense_control_target,strong,1,29,0x700177ee,0x700177ee,060402:1,0x700177ee:060402
0x70018040,flk_dense,0x2f,insn|data|branch_target|no_reorder|no_transform,strong_dense_control_target,strong,1,29,0x7001782d,0x7001782d,060402:1,0x7001782d:060402
0x70018080,flk_dense,0x2b,insn|data|branch_target|no_reorder|no_transform,strong_dense_control_target,strong,1,29,0x7001786c,0x7001786c,060402:1,0x7001786c:060402
0x700180bc,flk_dense,0x2b,insn|data|branch_target|no_reorder|no_transform,strong_dense_control_target,strong,1,29,0x700178ab,0x700178ab,060402:1,0x700178ab:060402
0x700180fc,flk_dense,0x2f,insn|data|branch_target|no_reorder|no_transform,strong_dense_control_target,strong,1,29,0x700178ea,0x700178ea,060402:1,0x700178ea:060402
0x70018150,flk_dense,0x2f,insn|data|branch_target|no_reorder|no_transform,strong_dense_control_target,strong,1,29,0x7001793d,0x7001793d,060402:1,0x7001793d:060402
0x70018174,flk_dense,0x2b,insn|data|branch_target|no_reorder|no_transform,strong_dense_control_target,strong,1,29,0x70017960,0x70017960,060402:1,0x70017960:060402
0x70017e48,flk_dense,0xb,insn|data|no_reorder|no_transform,dense_insn_target,medium,1,21,0x70017c99,0x70017c99,066b00:1,0x70017c99:066b00
0x70017e74,flk_dense,0x2f,insn|data|no_reorder|no_transform,dense_insn_target,medium,1,21,0x70017660,0x70017660,060402:1,0x70017660:060402
0x70017e84,flk_dense,0x2f,insn|data|no_reorder|no_transform,dense_insn_target,medium,1,21,0x70017670,0x70017670,060402:1,0x70017670:060402
0x70017ea8,flk_dense,0x2f,insn|data|no_reorder|no_transform,dense_insn_target,medium,1,21,0x70017696,0x70017696,060402:1,0x70017696:060402
0x70017eb8,flk_dense,0x2f,insn|data|no_reorder|no_transform,dense_insn_target,medium,1,21,0x700176a6,0x700176a6,060402:1,0x700176a6:060402
0x70017ec8,flk_dense,0x2f,insn|data|no_reorder|no_transform,dense_insn_target,medium,1,21,0x700176b6,0x700176b6,060402:1,0x700176b6:060402
0x70017ef0,flk_dense,0x2b,insn|data|no_reorder|no_transform,dense_insn_target,medium,1,21,0x700176de,0x700176de,060402:1,0x700176de:060402
0x70017f18,flk_dense,0x2f,insn|data|no_reorder|no_transform,dense_insn_target,medium,1,21,0x70017705,0x70017705,060402:1,0x70017705:060402
0x70017f28,flk_dense,0x2f,insn|data|no_reorder|no_transform,dense_insn_target,medium,1,21,0x70017715,0x70017715,060402:1,0x70017715:060402
0x70017f38,flk_dense,0x2f,insn|data|no_reorder|no_transform,dense_insn_target,medium,1,21,0x70017725,0x70017725,060402:1,0x70017725:060402
0x70017f58,flk_dense,0x2f,insn|data|no_reorder|no_transform,dense_insn_target,medium,1,21,0x70017745,0x70017745,060402:1,0x70017745:060402
0x70017f8c,flk_dense,0x2f,insn|data|no_reorder|no_transform,dense_insn_target,medium,1,21,0x7001777b,0x7001777b,060402:1,0x7001777b:060402
0x70017f9c,flk_dense,0x2b,insn|data|no_reorder|no_transform,dense_insn_target,medium,1,21,0x7001778b,0x7001778b,060402:1,0x7001778b:060402
0x70017fac,flk_dense,0x2b,insn|data|no_reorder|no_transform,dense_insn_target,medium,1,21,0x7001779b,0x7001779b,060402:1,0x7001779b:060402
0x700826e8,ann_dense,0x52,insn|no_reorder,dense_insn_target,medium,1,21,0x70081ed7,0x70081ed7,060402:1,0x70081ed7:060402
0x7008272c,ann_dense,0x52,insn|no_reorder,dense_insn_target,medium,1,21,0x70081f19,0x70081f19,060402:1,0x70081f19:060402
0x7008277c,ann_dense,0x52,insn|no_reorder,dense_insn_target,medium,1,21,0x70081f6b,0x70081f6b,060402:1,0x70081f6b:060402
0x700827a4,ann_dense,0x52,insn|no_reorder,dense_insn_target,medium,1,21,0x70081f90,0x70081f90,060402:1,0x70081f90:060402
0x70082818,ann_dense,0x52,insn|no_reorder,dense_insn_target,medium,1,21,0x70082005,0x70082005,060402:1,0x70082005:060402
0x70082850,ann_dense,0x52,insn|no_reorder,dense_insn_target,medium,1,21,0x7008203f,0x7008203f,060402:1,0x7008203f:060402
0x7008288c,ann_dense,0x52,insn|no_reorder,dense_insn_target,medium,1,21,0x7008207a,0x7008207a,060402:1,0x7008207a:060402
0x700828c8,ann_dense,0x52,insn|no_reorder,dense_insn_target,medium,1,21,0x700820b4,0x700820b4,060402:1,0x700820b4:060402
0x7008293c,ann_dense,0x52,insn|no_reorder,dense_insn_target,medium,1,21,0x7008212a,0x7008212a,060402:1,0x7008212a:060402
0x700829b0,ann_dense,0x52,insn|no_reorder,dense_insn_target,medium,1,21,0x7008219f,0x7008219f,060402:1,0x7008219f:060402
0x700829ec,ann_dense,0x52,insn|no_reorder,dense_insn_target,medium,1,21,0x700821da,0x700821da,060402:1,0x700821da:060402
0x70082a28,ann_dense,0x52,insn|no_reorder,dense_insn_target,medium,1,21,0x70082214,0x70082214,060402:1,0x70082214:060402
0x70082a64,ann_dense,0x52,insn|no_reorder,dense_insn_target,medium,1,21,0x70082250,0x70082250,060402:1,0x70082250:060402
0x70082a9c,ann_dense,0x10,insn|data|no_reorder|no_transform,dense_insn_target,medium,1,21,0x7008228a,0x7008228a,060402:1,0x7008228a:060402
0x70082ad8,ann_dense,0x52,insn|no_reorder,dense_insn_target,medium,1,21,0x700822c5,0x700822c5,060402:1,0x700822c5:060402
0x70082b10,ann_dense,0x6,insn|no_reorder,dense_insn_target,medium,1,21,0x700822ff,0x700822ff,060402:1,0x700822ff:060402
