block_start,block_end,successor,successor_region,edge_kind,terminator_source,block_confidence
0x700169ac,0x700169d1,0x700171e0,flk_dense,pcrel,0x700169ce,strong
0x70016a38,0x70016a4b,0x7001725c,flk_dense,pcrel,0x70016a48,strong
0x70016bb0,0x70016bc0,0x700173d0,flk_dense,pcrel,0x70016bbd,strong
0x70016e2d,0x70016e7a,0x70017688,flk_dense,pcrel,0x70016e77,strong
0x70016f0e,0x70016f27,0x70017738,flk_dense,pcrel,0x70016f24,strong
0x700171e0,0x700171f6,0x70017a04,flk_dense,pcrel,0x700171f3,strong
0x700171f8,0x70017220,0x70017220,flk_dense,fallthrough,,entry
0x70017220,0x7001722c,0x70017a3c,flk_dense,pcrel,0x70017229,strong
0x70017230,0x70017248,0x70017248,flk_dense,fallthrough,,entry
0x70017248,0x7001725c,0x7001725c,flk_dense,fallthrough,,entry
0x7001725c,0x7001726d,0x70017a7c,flk_dense,pcrel,0x7001726a,strong
0x70017274,0x70017285,0x70017a94,flk_dense,pcrel,0x70017282,strong
0x70017288,0x700172a0,0x700172a0,flk_dense,fallthrough,,entry
0x700172a0,0x700172b8,0x700172b8,flk_dense,fallthrough,,entry
0x700172b8,0x700172d0,0x700172d0,flk_dense,fallthrough,,entry
0x700172d0,0x700172e8,0x700172e8,flk_dense,fallthrough,,entry
0x700172e8,0x70017300,0x70017300,flk_dense,fallthrough,,entry
0x70017300,0x70017303,0x70017b14,flk_dense,pcrel,0x70017300,strong
0x70017318,0x7001732b,0x70017b3c,flk_dense,pcrel,0x70017328,strong
0x70017330,0x7001733b,0x70017b4c,flk_dense,pcrel,0x70017338,strong
0x70017348,0x7001734e,0x70017b5c,flk_dense,pcrel,0x7001734b,strong
0x70017360,0x70017398,0x70017398,flk_dense,fallthrough,,entry
0x70017398,0x700173ba,0x70017bc8,flk_dense,pcrel,0x700173b7,strong
0x700173d0,0x700173d5,0x70017be4,flk_dense,pcrel,0x700173d2,strong
0x700173f0,0x70017400,0x70017400,flk_dense,fallthrough,,entry
0x70017400,0x70017408,0x70017c18,flk_dense,pcrel,0x70017405,strong
0x70017410,0x70017440,0x70017440,flk_dense,fallthrough,,entry
0x70017440,0x7001744b,0x70017c5c,flk_dense,pcrel,0x70017448,strong
0x70017460,0x70017468,0x70017468,flk_dense,fallthrough,,entry
0x70017468,0x70017470,0x70017470,flk_dense,fallthrough,,entry
0x70017470,0x7001747b,0x70017c8c,flk_dense,pcrel,0x70017478,strong
0x70017480,0x7001748b,0x70017c9c,flk_dense,pcrel,0x70017488,strong
0x700174bc,0x700174c1,0x70017cd0,flk_dense,pcrel,0x700174be,landing
0x700174cc,0x700174d1,0x70017ce0,flk_dense,pcrel,0x700174ce,landing
0x700174e0,0x700174f1,0x70017d00,flk_dense,pcrel,0x700174ee,landing
0x70017510,0x70017520,0x70017520,flk_dense,fallthrough,,entry
0x70017520,0x7001753a,0x70017d48,flk_dense,pcrel,0x70017537,landing
0x70017540,0x7001754a,0x70017d58,flk_dense,pcrel,0x70017547,strong
0x7001756c,0x7001757c,0x7001757c,flk_dense,fallthrough,,entry
0x7001757c,0x7001758c,0x7001758c,flk_dense,fallthrough,,entry
0x7001758c,0x70017590,0x70017da0,flk_dense,pcrel,0x7001758d,strong
0x7001759c,0x700175d0,0x700175d0,flk_dense,fallthrough,,entry
0x700175d0,0x700175e0,0x700175e0,flk_dense,fallthrough,,entry
0x700175e0,0x700175e8,0x700175e8,flk_dense,fallthrough,,entry
0x700175e8,0x700175f0,0x70017e00,flk_dense,pcrel,0x700175ed,landing
0x700175f8,0x70017600,0x70017e10,flk_dense,pcrel,0x700175fd,landing
0x70017608,0x70017610,0x70017e20,flk_dense,pcrel,0x7001760d,landing
0x70017624,0x70017628,0x70017628,flk_dense,fallthrough,,entry
0x70017628,0x7001762f,0x70017e40,flk_dense,pcrel,0x7001762c,landing
0x70017638,0x70017663,0x70017e74,flk_dense,pcrel,0x70017660,medium
0x70017688,0x70017698,0x70017ea8,flk_dense,pcrel,0x70017696,medium
0x70017698,0x700176a9,0x70017eb8,flk_dense,pcrel,0x700176a6,medium
0x700176c8,0x700176e0,0x70017ef0,flk_dense,pcrel,0x700176de,medium
0x700176e0,0x700176f0,0x700176f0,flk_dense,fallthrough,,entry
0x700176f0,0x70017708,0x70017f18,flk_dense,pcrel,0x70017705,medium
0x70017738,0x70017748,0x70017f58,flk_dense,pcrel,0x70017745,medium
0x70017748,0x70017753,0x700177dc,flk_dense,pcrel,0x70017750,strong
0x70017760,0x70017778,0x70017778,flk_dense,fallthrough,,entry
0x70017778,0x7001777e,0x70017f8c,flk_dense,pcrel,0x7001777b,medium
0x70017798,0x7001779e,0x70017fac,flk_dense,pcrel,0x7001779b,medium
0x700177b8,0x700177c1,0x700177c1,flk_dense,fallthrough,,entry
0x700177dc,0x700177f1,0x70018000,flk_dense,pcrel,0x700177ee,strong
0x70017808,0x70017817,0x70017817,flk_dense,fallthrough,,entry
0x70017818,0x70017830,0x70018040,flk_dense,pcrel,0x7001782d,strong
0x70017838,0x70017856,0x70017856,flk_dense,fallthrough,,entry
0x70017858,0x70017868,0x70017868,flk_dense,fallthrough,,entry
0x70017868,0x7001786f,0x70018080,flk_dense,pcrel,0x7001786c,strong
0x70017878,0x70017890,0x70017890,flk_dense,fallthrough,,entry
0x70017890,0x70017895,0x70017895,flk_dense,fallthrough,,entry
0x70017895,0x700178ac,0x700180bc,flk_dense,pcrel,0x700178ab,strong
0x700178ac,0x700178bc,0x700178bc,flk_dense,fallthrough,,entry
0x700178bc,0x700178cc,0x700178cc,flk_dense,fallthrough,,entry
0x700178cc,0x700178d4,0x700178d4,flk_dense,fallthrough,,entry
0x700178d4,0x700178ed,0x700180fc,flk_dense,pcrel,0x700178ea,strong
0x70017904,0x70017913,0x70017913,flk_dense,fallthrough,,entry
0x70017914,0x70017930,0x70017930,flk_dense,fallthrough,,entry
0x70017930,0x70017940,0x70018150,flk_dense,pcrel,0x7001793d,strong
0x70017944,0x70017954,0x70017954,flk_dense,fallthrough,,entry
0x70017954,0x70017963,0x70018174,flk_dense,pcrel,0x70017960,strong
0x70017964,0x7001796e,0x700179f4,flk_dense,pcrel,0x7001796b,strong
0x70017974,0x70017984,0x70017984,flk_dense,fallthrough,,entry
0x70017984,0x7001799c,0x7001799c,flk_dense,fallthrough,,entry
0x7001799c,0x700179ac,0x700179ac,flk_dense,fallthrough,,entry
0x700179ac,0x700179cc,0x700179cc,flk_dense,fallthrough,,entry
0x700179cc,0x700179dc,0x700179dc,flk_dense,fallthrough,,entry
0x700179dc,0x700179ec,0x700179ec,flk_dense,fallthrough,,entry
0x700179ec,0x700179f4,0x700179f4,flk_dense,fallthrough,,entry
0x700179f4,0x70017a01,0x70017a01,flk_dense,fallthrough,,entry
0x70017a04,0x70017a3c,0x70017a3c,flk_dense,fallthrough,,entry
0x70017a3c,0x70017a7c,0x70017a7c,flk_dense,fallthrough,,entry
0x70017a7c,0x70017a84,0x70017a84,flk_dense,fallthrough,,entry
0x70017a94,0x70017b14,0x70017b14,flk_dense,fallthrough,,entry
0x70017b14,0x70017b3c,0x70017b3c,flk_dense,fallthrough,,entry
0x70017b3c,0x70017b4c,0x70017b4c,flk_dense,fallthrough,,entry
0x70017b4c,0x70017b5c,0x70017b5c,flk_dense,fallthrough,,entry
0x70017b5c,0x70017b73,0x70017b73,flk_dense,fallthrough,,entry
0x70017bc8,0x70017be4,0x70017be4,flk_dense,fallthrough,,entry
0x70017be4,0x70017c18,0x70017c18,flk_dense,fallthrough,,entry
0x70017c18,0x70017c30,0x70017c30,flk_dense,fallthrough,,entry
0x70017c5c,0x70017c61,0x70017c70,flk_dense,fallthrough,,open
0x70017c8c,0x70017c9c,0x70017e48,flk_dense,pcrel,0x70017c99,medium
0x70017c9c,0x70017cac,0x70017cac,flk_dense,fallthrough,,entry
0x70017cac,0x70017cbc,0x70017cbc,flk_dense,fallthrough,,entry
0x70017cbc,0x70017cbd,0x70017cbd,flk_dense,fallthrough,,entry
0x70017cd0,0x70017cd1,0x70017cd1,flk_dense,fallthrough,,entry
0x70017ce0,0x70017ce9,0x70017ce9,flk_dense,fallthrough,,entry
0x70017cf0,0x70017cf4,0x70017cf4,flk_dense,fallthrough,,entry
0x70017d00,0x70017d0a,0x70017d0a,flk_dense,fallthrough,,entry
0x70017d10,0x70017d15,0x70017d15,flk_dense,fallthrough,,entry
0x70017d48,0x70017d4c,0x70017d4c,flk_dense,fallthrough,,entry
0x70017d58,0x70017d62,0x70017d62,flk_dense,fallthrough,,entry
0x70017da0,0x70017da4,0x70017da4,flk_dense,fallthrough,,entry
0x70017e00,0x70017e07,0x70017e07,flk_dense,fallthrough,,entry
0x70017e10,0x70017e12,0x70017e12,flk_dense,fallthrough,,entry
0x70017e20,0x70017e28,0x70017e28,flk_dense,fallthrough,,entry
0x70017e40,0x70017e48,0x70017e48,flk_dense,fallthrough,,entry
0x70017e48,0x70017e49,0x70017e49,flk_dense,fallthrough,,entry
0x70017e74,0x70017e7c,0x70017e7c,flk_dense,fallthrough,,entry
0x70017e84,0x70017ea8,0x70017ea8,flk_dense,fallthrough,,entry
0x70017ea8,0x70017eab,0x70017eab,flk_dense,fallthrough,,entry
0x70017eb8,0x70017ec8,0x70017ec8,flk_dense,fallthrough,,entry
0x70017ec8,0x70017eda,0x70017eda,flk_dense,fallthrough,,entry
0x70017ef0,0x70017f05,0x70017f05,flk_dense,fallthrough,,entry
0x70017f18,0x70017f28,0x70017f28,flk_dense,fallthrough,,entry
0x70017f28,0x70017f34,0x70017f35,flk_dense,fallthrough,,open
0x70017f38,0x70017f58,0x70017f58,flk_dense,fallthrough,,entry
0x70017f58,0x70017f64,0x70017f65,flk_dense,fallthrough,,open
0x70017f8c,0x70017f94,0x70017f94,flk_dense,fallthrough,,entry
0x70017f9c,0x70017fac,0x70017fac,flk_dense,fallthrough,,entry
0x70017fac,0x70017fbf,0x70017fc0,flk_dense,fallthrough,,open
0x70018000,0x7001801a,0x7001801a,flk_dense,fallthrough,,entry
0x70018040,0x70018049,0x70018049,flk_dense,fallthrough,,entry
0x70018080,0x700180a4,0x700180a4,flk_dense,fallthrough,,entry
0x700180bc,0x700180cf,0x700180d0,flk_dense,fallthrough,,open
0x700180fc,0x70018128,0x70018128,flk_dense,fallthrough,,entry
0x70018150,0x70018157,0x70018157,flk_dense,fallthrough,,entry
0x70081ec7,0x70081eda,0x700826e8,ann_dense,pcrel,0x70081ed7,medium
0x70081ee7,0x70081f1c,0x7008272c,ann_dense,pcrel,0x70081f19,medium
0x70081f46,0x70081f56,0x70082764,ann_dense,pcrel,0x70081f53,landing
0x70081f5e,0x70081f6e,0x7008277c,ann_dense,pcrel,0x70081f6b,medium
0x70081fbd,0x70081fcd,0x700827dc,ann_dense,pcrel,0x70081fca,landing
0x70081fd3,0x70082008,0x70082818,ann_dense,pcrel,0x70082005,medium
0x70082032,0x70082042,0x70082850,ann_dense,pcrel,0x7008203f,medium
0x70082048,0x7008207d,0x7008288c,ann_dense,pcrel,0x7008207a,medium
0x700820a7,0x700820b7,0x700828c8,ann_dense,pcrel,0x700820b4,medium
0x700820be,0x700820f3,0x70082904,ann_dense,pcrel,0x700820f0,landing
0x7008211d,0x7008212d,0x7008293c,ann_dense,pcrel,0x7008212a,medium
0x70082133,0x70082168,0x70082978,ann_dense,pcrel,0x70082165,landing
0x70082192,0x700821a2,0x700829b0,ann_dense,pcrel,0x7008219f,medium
0x700821a8,0x700821dd,0x700829ec,ann_dense,pcrel,0x700821da,medium
0x70082207,0x70082217,0x70082a28,ann_dense,pcrel,0x70082214,medium
0x7008221e,0x70082253,0x70082a64,ann_dense,pcrel,0x70082250,medium
0x7008227d,0x7008228d,0x70082a9c,ann_dense,pcrel,0x7008228a,medium
0x70082293,0x700822c8,0x70082ad8,ann_dense,pcrel,0x700822c5,medium
0x700822f2,0x70082302,0x70082b10,ann_dense,pcrel,0x700822ff,medium
0x700826e8,0x700826ee,0x700826ee,ann_dense,fallthrough,,entry
0x7008272c,0x70082756,0x70082756,ann_dense,fallthrough,,entry
0x70082764,0x70082766,0x70082766,ann_dense,fallthrough,,entry
0x7008277c,0x700827a4,0x700827a4,ann_dense,fallthrough,,entry
0x700827a4,0x700827be,0x700827be,ann_dense,fallthrough,,entry
0x700827dc,0x70082818,0x70082818,ann_dense,fallthrough,,entry
0x70082818,0x70082826,0x70082826,ann_dense,fallthrough,,entry
0x70082850,0x7008288c,0x7008288c,ann_dense,fallthrough,,entry
0x7008288c,0x7008288e,0x7008288e,ann_dense,fallthrough,,entry
0x700828c8,0x700828f6,0x700828f6,ann_dense,fallthrough,,entry
0x70082904,0x70082906,0x70082906,ann_dense,fallthrough,,entry
0x7008293c,0x7008295e,0x7008295e,ann_dense,fallthrough,,entry
0x70082978,0x700829b0,0x700829b0,ann_dense,fallthrough,,entry
0x700829b0,0x700829c6,0x700829c6,ann_dense,fallthrough,,entry
0x700829ec,0x70082a28,0x70082a28,ann_dense,fallthrough,,entry
0x70082a28,0x70082a2e,0x70082a2e,ann_dense,fallthrough,,entry
0x70082a64,0x70082a96,0x70082a96,ann_dense,fallthrough,,entry
0x70082a9c,0x70082aa6,0x70082aa6,ann_dense,fallthrough,,entry
0x70082ad8,0x70082afe,0x70082afe,ann_dense,fallthrough,,entry
0x70082b10,0x70082b14,0x70082b20,ann_dense,fallthrough,,open
