target_region,target_prop_size,target_prop_flags,node_count,edge_count,score_sum,target_min,target_max,accepted,node_confidences,raw_counts
flk_dense,0x5f6,insn|data|loop_target|no_reorder|no_transform,30,30,870,0x700171e0,0x700174e0,1,strong:30,060402:29 06e400:1
flk_dense,0x1e1,insn|data|branch_target|no_reorder|no_transform,18,18,522,0x700175e0,0x700177b8,1,strong:18,060402:16 062200:2
ann_dense,0x52,insn|no_reorder,16,16,344,0x700826e8,0x70082ad8,1,medium:14 landing:2,060402:16
flk_dense,0xb,insn|data|no_reorder|no_transform,13,13,339,0x70017cd0,0x70017e48,1,landing:12 medium:1,060402:12 066b00:1
flk_dense,0xd1,insn|data|branch_target|no_reorder|no_transform,11,11,319,0x70017944,0x700179f4,1,strong:11,060402:10 062200:1
flk_dense,0x3f,insn|data|branch_target|no_reorder|no_transform,10,10,290,0x70017818,0x70017904,1,strong:10,060402:10
flk_dense,0x2f,insn|data|no_reorder|no_transform,10,10,210,0x70017e74,0x70017f8c,1,medium:10,060402:10
flk_dense,0xdc,insn|data|branch_target|no_reorder|no_transform,8,8,232,0x70017510,0x700175d0,1,strong:8,060402:8
flk_dense,0xfd,insn|data|branch_target|no_reorder|no_transform,5,5,145,0x70017a94,0x70017b5c,1,strong:5,060402:5
flk_dense,0x21,insn|data|branch_target|no_reorder|no_transform,4,4,116,0x70017c5c,0x70017cbc,1,strong:4,060402:4
flk_dense,0x2f,insn|data|branch_target|no_reorder|no_transform,4,4,116,0x70018000,0x70018150,1,strong:4,060402:4
ann_dense,0x10,insn|data|no_reorder|no_transform,3,3,71,0x70082764,0x70082a9c,1,landing:2 medium:1,060402:3
flk_dense,0x83,insn|data|branch_target|no_reorder|no_transform,3,3,87,0x70017a04,0x70017a7c,1,strong:3,060402:3
flk_dense,0xaf,insn|data|branch_target|no_reorder|no_transform,3,3,87,0x70017bc8,0x70017c18,1,strong:3,060402:3
flk_dense,0x2b,insn|data|no_reorder|no_transform,3,3,63,0x70017ef0,0x70017fac,1,medium:3,060402:3
flk_dense,0x2b,insn|data|branch_target|no_reorder|no_transform,3,3,87,0x70018080,0x70018174,1,strong:3,060402:3
flk_dense,0x54,insn|data|branch_target|no_reorder|no_transform,2,2,58,0x700177dc,0x70017808,1,strong:2,062200:1 060402:1
ann_dense,0x6,insn|no_reorder,1,1,21,0x70082b10,0x70082b10,1,medium:1,060402:1
flk_dense,0x1d,insn|data|branch_target|no_reorder|no_transform,1,1,29,0x70017914,0x70017914,1,strong:1,060402:1
flk_dense,0x2c,insn|data|branch_target|no_reorder|no_transform,1,1,29,0x70017c8c,0x70017c8c,1,strong:1,060402:1
