region,block_start,block_end,block_size,extent_status,block_confidence,terminator_source,next_start,prop_addr,prop_size,prop_end,prop_flags,edge_count,score_sum,successor_count,successors,edge_kinds,edge_confidences,pcrel_classes,raw_counts
ann_dense,0x70081ec7,0x70081eda,0x13,terminated_by_pcrel_source,medium,0x70081ed7,0x70081ee2,0x70081ec7,0x15,0x70081edc,insn|branch_target|no_reorder,1,21,1,0x700826e8,pcrel:060402:medium,medium:1,dense_insn_target:1,060402:1
ann_dense,0x70081ee7,0x70081f1c,0x35,terminated_by_pcrel_source,medium,0x70081f19,0x70081f46,0x70081ee7,0x5f,0x70081f46,insn|no_reorder,1,21,1,0x7008272c,pcrel:060402:medium,medium:1,dense_insn_target:1,060402:1
ann_dense,0x70081f46,0x70081f56,0x10,terminated_by_pcrel_source,landing,0x70081f53,0x70081f56,0x70081f46,0x10,0x70081f56,insn|data|no_reorder|no_transform,1,25,1,0x70082764,pcrel:060402:landing,landing:1,near_anchor_landing:1,060402:1
ann_dense,0x70081f5e,0x70081f6e,0x10,terminated_by_pcrel_source,medium,0x70081f6b,0x70081fbd,0x70081f5e,0x5f,0x70081fbd,insn|no_reorder,2,42,1,0x7008277c,pcrel:060402:medium,medium:2,dense_insn_target:2,060402:2
ann_dense,0x70081fbd,0x70081fcd,0x10,terminated_by_pcrel_source,landing,0x70081fca,0x70081fcd,0x70081fbd,0x10,0x70081fcd,insn|data|no_reorder|no_transform,1,25,1,0x700827dc,pcrel:060402:landing,landing:1,near_anchor_landing:1,060402:1
ann_dense,0x70081fd3,0x70082008,0x35,terminated_by_pcrel_source,medium,0x70082005,0x70082032,0x70081fd3,0x5f,0x70082032,insn|no_reorder,1,21,1,0x70082818,pcrel:060402:medium,medium:1,dense_insn_target:1,060402:1
ann_dense,0x70082032,0x70082042,0x10,terminated_by_pcrel_source,medium,0x7008203f,0x70082042,0x70082032,0x10,0x70082042,insn|data|no_reorder|no_transform,1,21,1,0x70082850,pcrel:060402:medium,medium:1,dense_insn_target:1,060402:1
ann_dense,0x70082048,0x7008207d,0x35,terminated_by_pcrel_source,medium,0x7008207a,0x700820a7,0x70082048,0x5f,0x700820a7,insn|no_reorder,1,21,1,0x7008288c,pcrel:060402:medium,medium:1,dense_insn_target:1,060402:1
ann_dense,0x700820a7,0x700820b7,0x10,terminated_by_pcrel_source,medium,0x700820b4,0x700820b7,0x700820a7,0x10,0x700820b7,insn|data|no_reorder|no_transform,1,21,1,0x700828c8,pcrel:060402:medium,medium:1,dense_insn_target:1,060402:1
ann_dense,0x700820be,0x700820f3,0x35,terminated_by_pcrel_source,landing,0x700820f0,0x7008211d,0x700820be,0x5f,0x7008211d,insn|no_reorder,1,25,1,0x70082904,pcrel:060402:landing,landing:1,near_anchor_landing:1,060402:1
ann_dense,0x7008211d,0x7008212d,0x10,terminated_by_pcrel_source,medium,0x7008212a,0x7008212d,0x7008211d,0x10,0x7008212d,insn|data|no_reorder|no_transform,1,21,1,0x7008293c,pcrel:060402:medium,medium:1,dense_insn_target:1,060402:1
ann_dense,0x70082133,0x70082168,0x35,terminated_by_pcrel_source,landing,0x70082165,0x70082192,0x70082133,0x5f,0x70082192,insn|no_reorder,1,25,1,0x70082978,pcrel:060402:landing,landing:1,near_anchor_landing:1,060402:1
ann_dense,0x70082192,0x700821a2,0x10,terminated_by_pcrel_source,medium,0x7008219f,0x700821a2,0x70082192,0x10,0x700821a2,insn|data|no_reorder|no_transform,1,21,1,0x700829b0,pcrel:060402:medium,medium:1,dense_insn_target:1,060402:1
ann_dense,0x700821a8,0x700821dd,0x35,terminated_by_pcrel_source,medium,0x700821da,0x70082207,0x700821a8,0x5f,0x70082207,insn|no_reorder,1,21,1,0x700829ec,pcrel:060402:medium,medium:1,dense_insn_target:1,060402:1
ann_dense,0x70082207,0x70082217,0x10,terminated_by_pcrel_source,medium,0x70082214,0x70082217,0x70082207,0x10,0x70082217,insn|data|no_reorder|no_transform,1,21,1,0x70082a28,pcrel:060402:medium,medium:1,dense_insn_target:1,060402:1
ann_dense,0x7008221e,0x70082253,0x35,terminated_by_pcrel_source,medium,0x70082250,0x7008227d,0x7008221e,0x5f,0x7008227d,insn|no_reorder,1,21,1,0x70082a64,pcrel:060402:medium,medium:1,dense_insn_target:1,060402:1
ann_dense,0x7008227d,0x7008228d,0x10,terminated_by_pcrel_source,medium,0x7008228a,0x7008228d,0x7008227d,0x10,0x7008228d,insn|data|no_reorder|no_transform,1,21,1,0x70082a9c,pcrel:060402:medium,medium:1,dense_insn_target:1,060402:1
ann_dense,0x70082293,0x700822c8,0x35,terminated_by_pcrel_source,medium,0x700822c5,0x700822f2,0x70082293,0x5f,0x700822f2,insn|no_reorder,1,21,1,0x70082ad8,pcrel:060402:medium,medium:1,dense_insn_target:1,060402:1
ann_dense,0x700822f2,0x70082302,0x10,terminated_by_pcrel_source,medium,0x700822ff,0x70082302,0x700822f2,0x10,0x70082302,insn|data|no_reorder|no_transform,1,21,1,0x70082b10,pcrel:060402:medium,medium:1,dense_insn_target:1,060402:1
ann_dense,0x700826e8,0x700826ee,0x6,fallthrough_to_next_start,entry,,0x700826ee,0x7008269c,0x52,0x700826ee,insn|no_reorder,0,0,1,0x700826ee,fallthrough,,,
ann_dense,0x7008272c,0x70082756,0x2a,fallthrough_to_next_start,entry,,0x70082756,0x70082704,0x52,0x70082756,insn|no_reorder,0,0,1,0x70082756,fallthrough,,,
ann_dense,0x70082764,0x70082766,0x2,fallthrough_to_next_start,entry,,0x70082766,0x70082756,0x10,0x70082766,insn|data|no_reorder|no_transform,0,0,1,0x70082766,fallthrough,,,
ann_dense,0x7008277c,0x700827a4,0x28,fallthrough_to_next_start,entry,,0x700827a4,0x7008276c,0x52,0x700827be,insn|no_reorder,0,0,1,0x700827a4,fallthrough,,,
ann_dense,0x700827a4,0x700827be,0x1a,fallthrough_to_next_start,entry,,0x700827be,0x7008276c,0x52,0x700827be,insn|no_reorder,0,0,1,0x700827be,fallthrough,,,
ann_dense,0x700827dc,0x70082818,0x3c,fallthrough_to_next_start,entry,,0x70082818,0x700827d4,0x52,0x70082826,insn|no_reorder,0,0,1,0x70082818,fallthrough,,,
ann_dense,0x70082818,0x70082826,0xe,fallthrough_to_next_start,entry,,0x70082826,0x700827d4,0x52,0x70082826,insn|no_reorder,0,0,1,0x70082826,fallthrough,,,
ann_dense,0x70082850,0x7008288c,0x3c,fallthrough_to_next_start,entry,,0x7008288c,0x7008283c,0x52,0x7008288e,insn|no_reorder,0,0,1,0x7008288c,fallthrough,,,
ann_dense,0x7008288c,0x7008288e,0x2,fallthrough_to_next_start,entry,,0x7008288e,0x7008283c,0x52,0x7008288e,insn|no_reorder,0,0,1,0x7008288e,fallthrough,,,
ann_dense,0x700828c8,0x700828f6,0x2e,fallthrough_to_next_start,entry,,0x700828f6,0x700828a4,0x52,0x700828f6,insn|no_reorder,0,0,1,0x700828f6,fallthrough,,,
ann_dense,0x70082904,0x70082906,0x2,fallthrough_to_next_start,entry,,0x70082906,0x700828f6,0x10,0x70082906,insn|data|no_reorder|no_transform,0,0,1,0x70082906,fallthrough,,,
ann_dense,0x7008293c,0x7008295e,0x22,fallthrough_to_next_start,entry,,0x7008295e,0x7008290c,0x52,0x7008295e,insn|no_reorder,0,0,1,0x7008295e,fallthrough,,,
ann_dense,0x70082978,0x700829b0,0x38,fallthrough_to_next_start,entry,,0x700829b0,0x70082974,0x52,0x700829c6,insn|no_reorder,0,0,1,0x700829b0,fallthrough,,,
ann_dense,0x700829b0,0x700829c6,0x16,fallthrough_to_next_start,entry,,0x700829c6,0x70082974,0x52,0x700829c6,insn|no_reorder,0,0,1,0x700829c6,fallthrough,,,
ann_dense,0x700829ec,0x70082a28,0x3c,fallthrough_to_next_start,entry,,0x70082a28,0x700829dc,0x52,0x70082a2e,insn|no_reorder,0,0,1,0x70082a28,fallthrough,,,
ann_dense,0x70082a28,0x70082a2e,0x6,fallthrough_to_next_start,entry,,0x70082a2e,0x700829dc,0x52,0x70082a2e,insn|no_reorder,0,0,1,0x70082a2e,fallthrough,,,
ann_dense,0x70082a64,0x70082a96,0x32,fallthrough_to_next_start,entry,,0x70082a96,0x70082a44,0x52,0x70082a96,insn|no_reorder,0,0,1,0x70082a96,fallthrough,,,
ann_dense,0x70082a9c,0x70082aa6,0xa,fallthrough_to_next_start,entry,,0x70082aa6,0x70082a96,0x10,0x70082aa6,insn|data|no_reorder|no_transform,0,0,1,0x70082aa6,fallthrough,,,
ann_dense,0x70082ad8,0x70082afe,0x26,fallthrough_to_next_start,entry,,0x70082afe,0x70082aac,0x52,0x70082afe,insn|no_reorder,0,0,1,0x70082afe,fallthrough,,,
ann_dense,0x70082b10,0x70082b14,0x4,fallthrough_to_next_start|capped_at_prop_end,open,,0x70082b20,0x70082b0e,0x6,0x70082b14,insn|no_reorder,0,0,1,0x70082b20,fallthrough,,,
flk_dense,0x700169ac,0x700169d1,0x25,terminated_by_pcrel_source,strong,0x700169ce,0x70016a38,0x700169ac,0x8c,0x70016a38,insn|data|branch_target|no_reorder|no_transform,5,145,1,0x700171e0,pcrel:060402:strong,strong:5,strong_dense_control_target:5,060402:5
flk_dense,0x70016a38,0x70016a4b,0x13,terminated_by_pcrel_source,strong,0x70016a48,0x70016b90,0x70016a38,0x157,0x70016b8f,insn|data|branch_target|no_reorder|no_transform,13,377,1,0x7001725c,pcrel:060402:strong,strong:13,strong_dense_control_target:13,060402:13
flk_dense,0x70016bb0,0x70016bc0,0x10,terminated_by_pcrel_source,strong,0x70016bbd,0x70016e2d,0x70016bb0,0x35e,0x70016f0e,insn|data|branch_target|no_reorder|no_transform,24,696,1,0x700173d0,pcrel:060402:strong,strong:24,strong_dense_control_target:24,060402:24
flk_dense,0x70016e2d,0x70016e7a,0x4d,terminated_by_pcrel_source,strong,0x70016e77,0x70016f0e,0x70016bb0,0x35e,0x70016f0e,insn|data|branch_target|no_reorder|no_transform,5,145,1,0x70017688,pcrel:060402:strong,strong:5,strong_dense_control_target:5,060402:5
flk_dense,0x70016f0e,0x70016f27,0x19,terminated_by_pcrel_source,strong,0x70016f24,0x700171e0,0x70016f0e,0x5f6,0x70017504,insn|data|loop_target|no_reorder|no_transform,29,841,1,0x70017738,pcrel:060402:strong,strong:29,strong_dense_control_target:29,060402:28 06e400:1
flk_dense,0x700171e0,0x700171f6,0x16,terminated_by_pcrel_source,strong,0x700171f3,0x700171f8,0x70016f0e,0x5f6,0x70017504,insn|data|loop_target|no_reorder|no_transform,1,29,1,0x70017a04,pcrel:060402:strong,strong:1,strong_dense_control_target:1,060402:1
flk_dense,0x700171f8,0x70017220,0x28,fallthrough_to_next_start,entry,,0x70017220,0x70016f0e,0x5f6,0x70017504,insn|data|loop_target|no_reorder|no_transform,0,0,1,0x70017220,fallthrough,,,
flk_dense,0x70017220,0x7001722c,0xc,terminated_by_pcrel_source,strong,0x70017229,0x70017230,0x70016f0e,0x5f6,0x70017504,insn|data|loop_target|no_reorder|no_transform,1,29,1,0x70017a3c,pcrel:060402:strong,strong:1,strong_dense_control_target:1,060402:1
flk_dense,0x70017230,0x70017248,0x18,fallthrough_to_next_start,entry,,0x70017248,0x70016f0e,0x5f6,0x70017504,insn|data|loop_target|no_reorder|no_transform,0,0,1,0x70017248,fallthrough,,,
flk_dense,0x70017248,0x7001725c,0x14,fallthrough_to_next_start,entry,,0x7001725c,0x70016f0e,0x5f6,0x70017504,insn|data|loop_target|no_reorder|no_transform,0,0,1,0x7001725c,fallthrough,,,
flk_dense,0x7001725c,0x7001726d,0x11,terminated_by_pcrel_source,strong,0x7001726a,0x70017274,0x70016f0e,0x5f6,0x70017504,insn|data|loop_target|no_reorder|no_transform,1,29,1,0x70017a7c,pcrel:060402:strong,strong:1,strong_dense_control_target:1,060402:1
flk_dense,0x70017274,0x70017285,0x11,terminated_by_pcrel_source,strong,0x70017282,0x70017288,0x70016f0e,0x5f6,0x70017504,insn|data|loop_target|no_reorder|no_transform,1,29,1,0x70017a94,pcrel:060402:strong,strong:1,strong_dense_control_target:1,060402:1
flk_dense,0x70017288,0x700172a0,0x18,fallthrough_to_next_start,entry,,0x700172a0,0x70016f0e,0x5f6,0x70017504,insn|data|loop_target|no_reorder|no_transform,0,0,1,0x700172a0,fallthrough,,,
flk_dense,0x700172a0,0x700172b8,0x18,fallthrough_to_next_start,entry,,0x700172b8,0x70016f0e,0x5f6,0x70017504,insn|data|loop_target|no_reorder|no_transform,0,0,1,0x700172b8,fallthrough,,,
flk_dense,0x700172b8,0x700172d0,0x18,fallthrough_to_next_start,entry,,0x700172d0,0x70016f0e,0x5f6,0x70017504,insn|data|loop_target|no_reorder|no_transform,0,0,1,0x700172d0,fallthrough,,,
flk_dense,0x700172d0,0x700172e8,0x18,fallthrough_to_next_start,entry,,0x700172e8,0x70016f0e,0x5f6,0x70017504,insn|data|loop_target|no_reorder|no_transform,0,0,1,0x700172e8,fallthrough,,,
flk_dense,0x700172e8,0x70017300,0x18,fallthrough_to_next_start,entry,,0x70017300,0x70016f0e,0x5f6,0x70017504,insn|data|loop_target|no_reorder|no_transform,0,0,1,0x70017300,fallthrough,,,
flk_dense,0x70017300,0x70017303,0x3,terminated_by_pcrel_source,strong,0x70017300,0x70017318,0x70016f0e,0x5f6,0x70017504,insn|data|loop_target|no_reorder|no_transform,1,29,1,0x70017b14,pcrel:060402:strong,strong:1,strong_dense_control_target:1,060402:1
flk_dense,0x70017318,0x7001732b,0x13,terminated_by_pcrel_source,strong,0x70017328,0x70017330,0x70016f0e,0x5f6,0x70017504,insn|data|loop_target|no_reorder|no_transform,1,29,1,0x70017b3c,pcrel:060402:strong,strong:1,strong_dense_control_target:1,060402:1
flk_dense,0x70017330,0x7001733b,0xb,terminated_by_pcrel_source,strong,0x70017338,0x70017348,0x70016f0e,0x5f6,0x70017504,insn|data|loop_target|no_reorder|no_transform,1,29,1,0x70017b4c,pcrel:060402:strong,strong:1,strong_dense_control_target:1,060402:1
flk_dense,0x70017348,0x7001734e,0x6,terminated_by_pcrel_source,strong,0x7001734b,0x70017360,0x70016f0e,0x5f6,0x70017504,insn|data|loop_target|no_reorder|no_transform,1,29,1,0x70017b5c,pcrel:060402:strong,strong:1,strong_dense_control_target:1,060402:1
flk_dense,0x70017360,0x70017398,0x38,fallthrough_to_next_start,entry,,0x70017398,0x70016f0e,0x5f6,0x70017504,insn|data|loop_target|no_reorder|no_transform,0,0,1,0x70017398,fallthrough,,,
flk_dense,0x70017398,0x700173ba,0x22,terminated_by_pcrel_source,strong,0x700173b7,0x700173d0,0x70016f0e,0x5f6,0x70017504,insn|data|loop_target|no_reorder|no_transform,1,29,1,0x70017bc8,pcrel:060402:strong,strong:1,strong_dense_control_target:1,060402:1
flk_dense,0x700173d0,0x700173d5,0x5,terminated_by_pcrel_source,strong,0x700173d2,0x700173f0,0x70016f0e,0x5f6,0x70017504,insn|data|loop_target|no_reorder|no_transform,1,29,1,0x70017be4,pcrel:060402:strong,strong:1,strong_dense_control_target:1,060402:1
flk_dense,0x700173f0,0x70017400,0x10,fallthrough_to_next_start,entry,,0x70017400,0x70016f0e,0x5f6,0x70017504,insn|data|loop_target|no_reorder|no_transform,0,0,1,0x70017400,fallthrough,,,
flk_dense,0x70017400,0x70017408,0x8,terminated_by_pcrel_source,strong,0x70017405,0x70017410,0x70016f0e,0x5f6,0x70017504,insn|data|loop_target|no_reorder|no_transform,1,29,1,0x70017c18,pcrel:060402:strong,strong:1,strong_dense_control_target:1,060402:1
flk_dense,0x70017410,0x70017440,0x30,fallthrough_to_next_start,entry,,0x70017440,0x70016f0e,0x5f6,0x70017504,insn|data|loop_target|no_reorder|no_transform,0,0,1,0x70017440,fallthrough,,,
flk_dense,0x70017440,0x7001744b,0xb,terminated_by_pcrel_source,strong,0x70017448,0x70017460,0x70016f0e,0x5f6,0x70017504,insn|data|loop_target|no_reorder|no_transform,1,29,1,0x70017c5c,pcrel:060402:strong,strong:1,strong_dense_control_target:1,060402:1
flk_dense,0x70017460,0x70017468,0x8,fallthrough_to_next_start,entry,,0x70017468,0x70016f0e,0x5f6,0x70017504,insn|data|loop_target|no_reorder|no_transform,0,0,1,0x70017468,fallthrough,,,
flk_dense,0x70017468,0x70017470,0x8,fallthrough_to_next_start,entry,,0x70017470,0x70016f0e,0x5f6,0x70017504,insn|data|loop_target|no_reorder|no_transform,0,0,1,0x70017470,fallthrough,,,
flk_dense,0x70017470,0x7001747b,0xb,terminated_by_pcrel_source,strong,0x70017478,0x70017480,0x70016f0e,0x5f6,0x70017504,insn|data|loop_target|no_reorder|no_transform,1,29,1,0x70017c8c,pcrel:060402:strong,strong:1,strong_dense_control_target:1,060402:1
flk_dense,0x70017480,0x7001748b,0xb,terminated_by_pcrel_source,strong,0x70017488,0x700174bc,0x70016f0e,0x5f6,0x70017504,insn|data|loop_target|no_reorder|no_transform,3,87,1,0x70017c9c,pcrel:060402:strong,strong:3,strong_dense_control_target:3,060402:3
flk_dense,0x700174bc,0x700174c1,0x5,terminated_by_pcrel_source,landing,0x700174be,0x700174cc,0x70016f0e,0x5f6,0x70017504,insn|data|loop_target|no_reorder|no_transform,1,31,1,0x70017cd0,pcrel:060402:landing,landing:1,anchor_adjacent_landing:1,060402:1
flk_dense,0x700174cc,0x700174d1,0x5,terminated_by_pcrel_source,landing,0x700174ce,0x700174e0,0x70016f0e,0x5f6,0x70017504,insn|data|loop_target|no_reorder|no_transform,2,50,1,0x70017ce0,pcrel:060402:landing,landing:2,near_anchor_landing:2,060402:2
flk_dense,0x700174e0,0x700174f1,0x11,terminated_by_pcrel_source,landing,0x700174ee,0x70017504,0x70016f0e,0x5f6,0x70017504,insn|data|loop_target|no_reorder|no_transform,2,56,1,0x70017d00,pcrel:060402:landing,landing:2,anchor_adjacent_landing:1 near_anchor_landing:1,060402:2
flk_dense,0x70017510,0x70017520,0x10,fallthrough_to_next_start,entry,,0x70017520,0x70017504,0xdc,0x700175e0,insn|data|branch_target|no_reorder|no_transform,0,0,1,0x70017520,fallthrough,,,
flk_dense,0x70017520,0x7001753a,0x1a,terminated_by_pcrel_source,landing,0x70017537,0x70017540,0x70017504,0xdc,0x700175e0,insn|data|branch_target|no_reorder|no_transform,1,25,1,0x70017d48,pcrel:060402:landing,landing:1,near_anchor_landing:1,060402:1
flk_dense,0x70017540,0x7001754a,0xa,terminated_by_pcrel_source,strong,0x70017547,0x7001756c,0x70017504,0xdc,0x700175e0,insn|data|branch_target|no_reorder|no_transform,2,60,1,0x70017d58,pcrel:060402:landing,landing:1 strong:1,anchor_adjacent_landing:1 strong_dense_control_target:1,060402:1 062200:1
flk_dense,0x7001756c,0x7001757c,0x10,fallthrough_to_next_start,entry,,0x7001757c,0x70017504,0xdc,0x700175e0,insn|data|branch_target|no_reorder|no_transform,0,0,1,0x7001757c,fallthrough,,,
flk_dense,0x7001757c,0x7001758c,0x10,fallthrough_to_next_start,entry,,0x7001758c,0x70017504,0xdc,0x700175e0,insn|data|branch_target|no_reorder|no_transform,0,0,1,0x7001758c,fallthrough,,,
flk_dense,0x7001758c,0x70017590,0x4,terminated_by_pcrel_source,strong,0x7001758d,0x7001759c,0x70017504,0xdc,0x700175e0,insn|data|branch_target|no_reorder|no_transform,2,54,1,0x70017da0,pcrel:060402:landing,landing:1 strong:1,near_anchor_landing:1 strong_dense_control_target:1,060402:1 062200:1
flk_dense,0x7001759c,0x700175d0,0x34,fallthrough_to_next_start,entry,,0x700175d0,0x70017504,0xdc,0x700175e0,insn|data|branch_target|no_reorder|no_transform,0,0,1,0x700175d0,fallthrough,,,
flk_dense,0x700175d0,0x700175e0,0x10,fallthrough_to_next_start,entry,,0x700175e0,0x70017504,0xdc,0x700175e0,insn|data|branch_target|no_reorder|no_transform,0,0,1,0x700175e0,fallthrough,,,
flk_dense,0x700175e0,0x700175e8,0x8,fallthrough_to_next_start,entry,,0x700175e8,0x700175e0,0x1e1,0x700177c1,insn|data|branch_target|no_reorder|no_transform,0,0,1,0x700175e8,fallthrough,,,
flk_dense,0x700175e8,0x700175f0,0x8,terminated_by_pcrel_source,landing,0x700175ed,0x700175f8,0x700175e0,0x1e1,0x700177c1,insn|data|branch_target|no_reorder|no_transform,1,25,1,0x70017e00,pcrel:060402:landing,landing:1,near_anchor_landing:1,060402:1
flk_dense,0x700175f8,0x70017600,0x8,terminated_by_pcrel_source,landing,0x700175fd,0x70017608,0x700175e0,0x1e1,0x700177c1,insn|data|branch_target|no_reorder|no_transform,1,25,1,0x70017e10,pcrel:060402:landing,landing:1,near_anchor_landing:1,060402:1
flk_dense,0x70017608,0x70017610,0x8,terminated_by_pcrel_source,landing,0x7001760d,0x70017624,0x700175e0,0x1e1,0x700177c1,insn|data|branch_target|no_reorder|no_transform,1,25,1,0x70017e20,pcrel:060402:landing,landing:1,near_anchor_landing:1,060402:1
flk_dense,0x70017624,0x70017628,0x4,fallthrough_to_next_start,entry,,0x70017628,0x700175e0,0x1e1,0x700177c1,insn|data|branch_target|no_reorder|no_transform,0,0,1,0x70017628,fallthrough,,,
flk_dense,0x70017628,0x7001762f,0x7,terminated_by_pcrel_source,landing,0x7001762c,0x70017638,0x700175e0,0x1e1,0x700177c1,insn|data|branch_target|no_reorder|no_transform,1,25,1,0x70017e40,pcrel:060402:landing,landing:1,near_anchor_landing:1,060402:1
flk_dense,0x70017638,0x70017663,0x2b,terminated_by_pcrel_source,medium,0x70017660,0x70017688,0x700175e0,0x1e1,0x700177c1,insn|data|branch_target|no_reorder|no_transform,2,42,1,0x70017e74,pcrel:060402:medium,medium:2,dense_insn_target:2,060402:2
flk_dense,0x70017688,0x70017698,0x10,terminated_by_pcrel_source|capped_at_next_start,medium,0x70017696,0x70017698,0x700175e0,0x1e1,0x700177c1,insn|data|branch_target|no_reorder|no_transform,1,21,1,0x70017ea8,pcrel:060402:medium,medium:1,dense_insn_target:1,060402:1
flk_dense,0x70017698,0x700176a9,0x11,terminated_by_pcrel_source,medium,0x700176a6,0x700176c8,0x700175e0,0x1e1,0x700177c1,insn|data|branch_target|no_reorder|no_transform,2,42,1,0x70017eb8,pcrel:060402:medium,medium:2,dense_insn_target:2,060402:2
flk_dense,0x700176c8,0x700176e0,0x18,terminated_by_pcrel_source|capped_at_next_start,medium,0x700176de,0x700176e0,0x700175e0,0x1e1,0x700177c1,insn|data|branch_target|no_reorder|no_transform,1,21,1,0x70017ef0,pcrel:060402:medium,medium:1,dense_insn_target:1,060402:1
flk_dense,0x700176e0,0x700176f0,0x10,fallthrough_to_next_start,entry,,0x700176f0,0x700175e0,0x1e1,0x700177c1,insn|data|branch_target|no_reorder|no_transform,0,0,1,0x700176f0,fallthrough,,,
flk_dense,0x700176f0,0x70017708,0x18,terminated_by_pcrel_source,medium,0x70017705,0x70017738,0x700175e0,0x1e1,0x700177c1,insn|data|branch_target|no_reorder|no_transform,3,63,1,0x70017f18,pcrel:060402:medium,medium:3,dense_insn_target:3,060402:3
flk_dense,0x70017738,0x70017748,0x10,terminated_by_pcrel_source,medium,0x70017745,0x70017748,0x700175e0,0x1e1,0x700177c1,insn|data|branch_target|no_reorder|no_transform,1,21,1,0x70017f58,pcrel:060402:medium,medium:1,dense_insn_target:1,060402:1
flk_dense,0x70017748,0x70017753,0xb,terminated_by_pcrel_source,strong,0x70017750,0x70017760,0x700175e0,0x1e1,0x700177c1,insn|data|branch_target|no_reorder|no_transform,1,29,1,0x700177dc,pcrel:062200:strong,strong:1,strong_dense_control_target:1,062200:1
flk_dense,0x70017760,0x70017778,0x18,fallthrough_to_next_start,entry,,0x70017778,0x700175e0,0x1e1,0x700177c1,insn|data|branch_target|no_reorder|no_transform,0,0,1,0x70017778,fallthrough,,,
flk_dense,0x70017778,0x7001777e,0x6,terminated_by_pcrel_source,medium,0x7001777b,0x70017798,0x700175e0,0x1e1,0x700177c1,insn|data|branch_target|no_reorder|no_transform,2,42,1,0x70017f8c,pcrel:060402:medium,medium:2,dense_insn_target:2,060402:2
flk_dense,0x70017798,0x7001779e,0x6,terminated_by_pcrel_source,medium,0x7001779b,0x700177b8,0x700175e0,0x1e1,0x700177c1,insn|data|branch_target|no_reorder|no_transform,1,21,1,0x70017fac,pcrel:060402:medium,medium:1,dense_insn_target:1,060402:1
flk_dense,0x700177b8,0x700177c1,0x9,fallthrough_to_next_start,entry,,0x700177c1,0x700175e0,0x1e1,0x700177c1,insn|data|branch_target|no_reorder|no_transform,0,0,1,0x700177c1,fallthrough,,,
flk_dense,0x700177dc,0x700177f1,0x15,terminated_by_pcrel_source,strong,0x700177ee,0x70017808,0x700177c3,0x54,0x70017817,insn|data|branch_target|no_reorder|no_transform,1,29,1,0x70018000,pcrel:060402:strong,strong:1,strong_dense_control_target:1,060402:1
flk_dense,0x70017808,0x70017817,0xf,fallthrough_to_next_start,entry,,0x70017817,0x700177c3,0x54,0x70017817,insn|data|branch_target|no_reorder|no_transform,0,0,1,0x70017817,fallthrough,,,
flk_dense,0x70017818,0x70017830,0x18,terminated_by_pcrel_source,strong,0x7001782d,0x70017838,0x70017817,0x3f,0x70017856,insn|data|branch_target|no_reorder|no_transform,1,29,1,0x70018040,pcrel:060402:strong,strong:1,strong_dense_control_target:1,060402:1
flk_dense,0x70017838,0x70017856,0x1e,fallthrough_to_next_start,entry,,0x70017856,0x70017817,0x3f,0x70017856,insn|data|branch_target|no_reorder|no_transform,0,0,1,0x70017856,fallthrough,,,
flk_dense,0x70017858,0x70017868,0x10,fallthrough_to_next_start,entry,,0x70017868,0x70017856,0x3f,0x70017895,insn|data|branch_target|no_reorder|no_transform,0,0,1,0x70017868,fallthrough,,,
flk_dense,0x70017868,0x7001786f,0x7,terminated_by_pcrel_source,strong,0x7001786c,0x70017878,0x70017856,0x3f,0x70017895,insn|data|branch_target|no_reorder|no_transform,1,29,1,0x70018080,pcrel:060402:strong,strong:1,strong_dense_control_target:1,060402:1
flk_dense,0x70017878,0x70017890,0x18,fallthrough_to_next_start,entry,,0x70017890,0x70017856,0x3f,0x70017895,insn|data|branch_target|no_reorder|no_transform,0,0,1,0x70017890,fallthrough,,,
flk_dense,0x70017890,0x70017895,0x5,fallthrough_to_next_start,entry,,0x70017895,0x70017856,0x3f,0x70017895,insn|data|branch_target|no_reorder|no_transform,0,0,1,0x70017895,fallthrough,,,
flk_dense,0x70017895,0x700178ac,0x17,terminated_by_pcrel_source|capped_at_next_start,strong,0x700178ab,0x700178ac,0x70017895,0x3f,0x700178d4,insn|data|branch_target|no_reorder|no_transform,1,29,1,0x700180bc,pcrel:060402:strong,strong:1,strong_dense_control_target:1,060402:1
flk_dense,0x700178ac,0x700178bc,0x10,fallthrough_to_next_start,entry,,0x700178bc,0x70017895,0x3f,0x700178d4,insn|data|branch_target|no_reorder|no_transform,0,0,1,0x700178bc,fallthrough,,,
flk_dense,0x700178bc,0x700178cc,0x10,fallthrough_to_next_start,entry,,0x700178cc,0x70017895,0x3f,0x700178d4,insn|data|branch_target|no_reorder|no_transform,0,0,1,0x700178cc,fallthrough,,,
flk_dense,0x700178cc,0x700178d4,0x8,fallthrough_to_next_start,entry,,0x700178d4,0x70017895,0x3f,0x700178d4,insn|data|branch_target|no_reorder|no_transform,0,0,1,0x700178d4,fallthrough,,,
flk_dense,0x700178d4,0x700178ed,0x19,terminated_by_pcrel_source,strong,0x700178ea,0x70017904,0x700178d4,0x3f,0x70017913,insn|data|branch_target|no_reorder|no_transform,1,29,1,0x700180fc,pcrel:060402:strong,strong:1,strong_dense_control_target:1,060402:1
flk_dense,0x70017904,0x70017913,0xf,fallthrough_to_next_start,entry,,0x70017913,0x700178d4,0x3f,0x70017913,insn|data|branch_target|no_reorder|no_transform,0,0,1,0x70017913,fallthrough,,,
flk_dense,0x70017914,0x70017930,0x1c,fallthrough_to_next_start,entry,,0x70017930,0x70017913,0x1d,0x70017930,insn|data|branch_target|no_reorder|no_transform,0,0,1,0x70017930,fallthrough,,,
flk_dense,0x70017930,0x70017940,0x10,terminated_by_pcrel_source,strong,0x7001793d,0x70017944,0x70017930,0xd1,0x70017a01,insn|data|branch_target|no_reorder|no_transform,1,29,1,0x70018150,pcrel:060402:strong,strong:1,strong_dense_control_target:1,060402:1
flk_dense,0x70017944,0x70017954,0x10,fallthrough_to_next_start,entry,,0x70017954,0x70017930,0xd1,0x70017a01,insn|data|branch_target|no_reorder|no_transform,0,0,1,0x70017954,fallthrough,,,
flk_dense,0x70017954,0x70017963,0xf,terminated_by_pcrel_source,strong,0x70017960,0x70017964,0x70017930,0xd1,0x70017a01,insn|data|branch_target|no_reorder|no_transform,1,29,1,0x70018174,pcrel:060402:strong,strong:1,strong_dense_control_target:1,060402:1
flk_dense,0x70017964,0x7001796e,0xa,terminated_by_pcrel_source,strong,0x7001796b,0x70017974,0x70017930,0xd1,0x70017a01,insn|data|branch_target|no_reorder|no_transform,1,29,1,0x700179f4,pcrel:062200:strong,strong:1,strong_dense_control_target:1,062200:1
flk_dense,0x70017974,0x70017984,0x10,fallthrough_to_next_start,entry,,0x70017984,0x70017930,0xd1,0x70017a01,insn|data|branch_target|no_reorder|no_transform,0,0,1,0x70017984,fallthrough,,,
flk_dense,0x70017984,0x7001799c,0x18,fallthrough_to_next_start,entry,,0x7001799c,0x70017930,0xd1,0x70017a01,insn|data|branch_target|no_reorder|no_transform,0,0,1,0x7001799c,fallthrough,,,
flk_dense,0x7001799c,0x700179ac,0x10,fallthrough_to_next_start,entry,,0x700179ac,0x70017930,0xd1,0x70017a01,insn|data|branch_target|no_reorder|no_transform,0,0,1,0x700179ac,fallthrough,,,
flk_dense,0x700179ac,0x700179cc,0x20,fallthrough_to_next_start,entry,,0x700179cc,0x70017930,0xd1,0x70017a01,insn|data|branch_target|no_reorder|no_transform,0,0,1,0x700179cc,fallthrough,,,
flk_dense,0x700179cc,0x700179dc,0x10,fallthrough_to_next_start,entry,,0x700179dc,0x70017930,0xd1,0x70017a01,insn|data|branch_target|no_reorder|no_transform,0,0,1,0x700179dc,fallthrough,,,
flk_dense,0x700179dc,0x700179ec,0x10,fallthrough_to_next_start,entry,,0x700179ec,0x70017930,0xd1,0x70017a01,insn|data|branch_target|no_reorder|no_transform,0,0,1,0x700179ec,fallthrough,,,
flk_dense,0x700179ec,0x700179f4,0x8,fallthrough_to_next_start,entry,,0x700179f4,0x70017930,0xd1,0x70017a01,insn|data|branch_target|no_reorder|no_transform,0,0,1,0x700179f4,fallthrough,,,
flk_dense,0x700179f4,0x70017a01,0xd,fallthrough_to_next_start,entry,,0x70017a01,0x70017930,0xd1,0x70017a01,insn|data|branch_target|no_reorder|no_transform,0,0,1,0x70017a01,fallthrough,,,
flk_dense,0x70017a04,0x70017a3c,0x38,fallthrough_to_next_start,entry,,0x70017a3c,0x70017a01,0x83,0x70017a84,insn|data|branch_target|no_reorder|no_transform,0,0,1,0x70017a3c,fallthrough,,,
flk_dense,0x70017a3c,0x70017a7c,0x40,fallthrough_to_next_start,entry,,0x70017a7c,0x70017a01,0x83,0x70017a84,insn|data|branch_target|no_reorder|no_transform,0,0,1,0x70017a7c,fallthrough,,,
flk_dense,0x70017a7c,0x70017a84,0x8,fallthrough_to_next_start,entry,,0x70017a84,0x70017a01,0x83,0x70017a84,insn|data|branch_target|no_reorder|no_transform,0,0,1,0x70017a84,fallthrough,,,
flk_dense,0x70017a94,0x70017b14,0x80,fallthrough_to_next_start,entry,,0x70017b14,0x70017a84,0xfd,0x70017b81,insn|data|branch_target|no_reorder|no_transform,0,0,1,0x70017b14,fallthrough,,,
flk_dense,0x70017b14,0x70017b3c,0x28,fallthrough_to_next_start,entry,,0x70017b3c,0x70017a84,0xfd,0x70017b81,insn|data|branch_target|no_reorder|no_transform,0,0,1,0x70017b3c,fallthrough,,,
flk_dense,0x70017b3c,0x70017b4c,0x10,fallthrough_to_next_start,entry,,0x70017b4c,0x70017a84,0xfd,0x70017b81,insn|data|branch_target|no_reorder|no_transform,0,0,1,0x70017b4c,fallthrough,,,
flk_dense,0x70017b4c,0x70017b5c,0x10,fallthrough_to_next_start,entry,,0x70017b5c,0x70017a84,0xfd,0x70017b81,insn|data|branch_target|no_reorder|no_transform,0,0,1,0x70017b5c,fallthrough,,,
flk_dense,0x70017b5c,0x70017b73,0x17,fallthrough_to_next_start,entry,,0x70017b73,0x70017a84,0xfd,0x70017b81,insn|data|branch_target|no_reorder|no_transform,0,0,1,0x70017b73,fallthrough,,,
flk_dense,0x70017bc8,0x70017be4,0x1c,fallthrough_to_next_start,entry,,0x70017be4,0x70017b81,0xaf,0x70017c30,insn|data|branch_target|no_reorder|no_transform,0,0,1,0x70017be4,fallthrough,,,
flk_dense,0x70017be4,0x70017c18,0x34,fallthrough_to_next_start,entry,,0x70017c18,0x70017b81,0xaf,0x70017c30,insn|data|branch_target|no_reorder|no_transform,0,0,1,0x70017c18,fallthrough,,,
flk_dense,0x70017c18,0x70017c30,0x18,fallthrough_to_next_start,entry,,0x70017c30,0x70017b81,0xaf,0x70017c30,insn|data|branch_target|no_reorder|no_transform,0,0,1,0x70017c30,fallthrough,,,
flk_dense,0x70017c5c,0x70017c61,0x5,fallthrough_to_next_start|capped_at_prop_end,open,,0x70017c70,0x70017c40,0x21,0x70017c61,insn|data|branch_target|no_reorder|no_transform,0,0,1,0x70017c70,fallthrough,,,
flk_dense,0x70017c8c,0x70017c9c,0x10,terminated_by_pcrel_source,medium,0x70017c99,0x70017c9c,0x70017c70,0x2c,0x70017c9c,insn|data|branch_target|no_reorder|no_transform,1,21,1,0x70017e48,pcrel:066b00:medium,medium:1,dense_insn_target:1,066b00:1
flk_dense,0x70017c9c,0x70017cac,0x10,fallthrough_to_next_start,entry,,0x70017cac,0x70017c9c,0x21,0x70017cbd,insn|data|branch_target|no_reorder|no_transform,0,0,1,0x70017cac,fallthrough,,,
flk_dense,0x70017cac,0x70017cbc,0x10,fallthrough_to_next_start,entry,,0x70017cbc,0x70017c9c,0x21,0x70017cbd,insn|data|branch_target|no_reorder|no_transform,0,0,1,0x70017cbc,fallthrough,,,
flk_dense,0x70017cbc,0x70017cbd,0x1,fallthrough_to_next_start,entry,,0x70017cbd,0x70017c9c,0x21,0x70017cbd,insn|data|branch_target|no_reorder|no_transform,0,0,1,0x70017cbd,fallthrough,,,
flk_dense,0x70017cd0,0x70017cd1,0x1,fallthrough_to_next_start,entry,,0x70017cd1,0x70017cc8,0xb,0x70017cd3,insn|data|no_reorder|no_transform,0,0,1,0x70017cd1,fallthrough,,,
flk_dense,0x70017ce0,0x70017ce9,0x9,fallthrough_to_next_start,entry,,0x70017ce9,0x70017cde,0xb,0x70017ce9,insn|data|no_reorder|no_transform,0,0,1,0x70017ce9,fallthrough,,,
flk_dense,0x70017cf0,0x70017cf4,0x4,fallthrough_to_next_start,entry,,0x70017cf4,0x70017ce9,0xb,0x70017cf4,insn|data|no_reorder|no_transform,0,0,1,0x70017cf4,fallthrough,,,
flk_dense,0x70017d00,0x70017d0a,0xa,fallthrough_to_next_start,entry,,0x70017d0a,0x70017cff,0xb,0x70017d0a,insn|data|no_reorder|no_transform,0,0,1,0x70017d0a,fallthrough,,,
flk_dense,0x70017d10,0x70017d15,0x5,fallthrough_to_next_start,entry,,0x70017d15,0x70017d0a,0xb,0x70017d15,insn|data|no_reorder|no_transform,0,0,1,0x70017d15,fallthrough,,,
flk_dense,0x70017d48,0x70017d4c,0x4,fallthrough_to_next_start,entry,,0x70017d4c,0x70017d41,0xb,0x70017d4c,insn|data|no_reorder|no_transform,0,0,1,0x70017d4c,fallthrough,,,
flk_dense,0x70017d58,0x70017d62,0xa,fallthrough_to_next_start,entry,,0x70017d62,0x70017d57,0xb,0x70017d62,insn|data|no_reorder|no_transform,0,0,1,0x70017d62,fallthrough,,,
flk_dense,0x70017da0,0x70017da4,0x4,fallthrough_to_next_start,entry,,0x70017da4,0x70017d99,0xb,0x70017da4,insn|data|no_reorder|no_transform,0,0,1,0x70017da4,fallthrough,,,
flk_dense,0x70017e00,0x70017e07,0x7,fallthrough_to_next_start,entry,,0x70017e07,0x70017dfc,0xb,0x70017e07,insn|data|no_reorder|no_transform,0,0,1,0x70017e07,fallthrough,,,
flk_dense,0x70017e10,0x70017e12,0x2,fallthrough_to_next_start,entry,,0x70017e12,0x70017e07,0xb,0x70017e12,insn|data|no_reorder|no_transform,0,0,1,0x70017e12,fallthrough,,,
flk_dense,0x70017e20,0x70017e28,0x8,fallthrough_to_next_start,entry,,0x70017e28,0x70017e1d,0xb,0x70017e28,insn|data|no_reorder|no_transform,0,0,1,0x70017e28,fallthrough,,,
flk_dense,0x70017e40,0x70017e48,0x8,fallthrough_to_next_start,entry,,0x70017e48,0x70017e3e,0xb,0x70017e49,insn|data|no_reorder|no_transform,0,0,1,0x70017e48,fallthrough,,,
flk_dense,0x70017e48,0x70017e49,0x1,fallthrough_to_next_start,entry,,0x70017e49,0x70017e3e,0xb,0x70017e49,insn|data|no_reorder|no_transform,0,0,1,0x70017e49,fallthrough,,,
flk_dense,0x70017e74,0x70017e7c,0x8,fallthrough_to_next_start,entry,,0x70017e7c,0x70017e4d,0x2f,0x70017e7c,insn|data|no_reorder|no_transform,0,0,1,0x70017e7c,fallthrough,,,
flk_dense,0x70017e84,0x70017ea8,0x24,fallthrough_to_next_start,entry,,0x70017ea8,0x70017e7c,0x2f,0x70017eab,insn|data|no_reorder|no_transform,0,0,1,0x70017ea8,fallthrough,,,
flk_dense,0x70017ea8,0x70017eab,0x3,fallthrough_to_next_start,entry,,0x70017eab,0x70017e7c,0x2f,0x70017eab,insn|data|no_reorder|no_transform,0,0,1,0x70017eab,fallthrough,,,
flk_dense,0x70017eb8,0x70017ec8,0x10,fallthrough_to_next_start,entry,,0x70017ec8,0x70017eab,0x2f,0x70017eda,insn|data|no_reorder|no_transform,0,0,1,0x70017ec8,fallthrough,,,
flk_dense,0x70017ec8,0x70017eda,0x12,fallthrough_to_next_start,entry,,0x70017eda,0x70017eab,0x2f,0x70017eda,insn|data|no_reorder|no_transform,0,0,1,0x70017eda,fallthrough,,,
flk_dense,0x70017ef0,0x70017f05,0x15,fallthrough_to_next_start,entry,,0x70017f05,0x70017eda,0x2b,0x70017f05,insn|data|no_reorder|no_transform,0,0,1,0x70017f05,fallthrough,,,
flk_dense,0x70017f18,0x70017f28,0x10,fallthrough_to_next_start,entry,,0x70017f28,0x70017f05,0x2f,0x70017f34,insn|data|no_reorder|no_transform,0,0,1,0x70017f28,fallthrough,,,
flk_dense,0x70017f28,0x70017f34,0xc,fallthrough_to_next_start|capped_at_prop_end,open,,0x70017f35,0x70017f05,0x2f,0x70017f34,insn|data|no_reorder|no_transform,0,0,1,0x70017f35,fallthrough,,,
flk_dense,0x70017f38,0x70017f58,0x20,fallthrough_to_next_start,entry,,0x70017f58,0x70017f35,0x2f,0x70017f64,insn|data|no_reorder|no_transform,0,0,1,0x70017f58,fallthrough,,,
flk_dense,0x70017f58,0x70017f64,0xc,fallthrough_to_next_start|capped_at_prop_end,open,,0x70017f65,0x70017f35,0x2f,0x70017f64,insn|data|no_reorder|no_transform,0,0,1,0x70017f65,fallthrough,,,
flk_dense,0x70017f8c,0x70017f94,0x8,fallthrough_to_next_start,entry,,0x70017f94,0x70017f65,0x2f,0x70017f94,insn|data|no_reorder|no_transform,0,0,1,0x70017f94,fallthrough,,,
flk_dense,0x70017f9c,0x70017fac,0x10,fallthrough_to_next_start,entry,,0x70017fac,0x70017f94,0x2b,0x70017fbf,insn|data|no_reorder|no_transform,0,0,1,0x70017fac,fallthrough,,,
flk_dense,0x70017fac,0x70017fbf,0x13,fallthrough_to_next_start|capped_at_prop_end,open,,0x70017fc0,0x70017f94,0x2b,0x70017fbf,insn|data|no_reorder|no_transform,0,0,1,0x70017fc0,fallthrough,,,
flk_dense,0x70018000,0x7001801a,0x1a,fallthrough_to_next_start,entry,,0x7001801a,0x70017feb,0x2f,0x7001801a,insn|data|branch_target|no_reorder|no_transform,0,0,1,0x7001801a,fallthrough,,,
flk_dense,0x70018040,0x70018049,0x9,fallthrough_to_next_start,entry,,0x70018049,0x7001801a,0x2f,0x70018049,insn|data|branch_target|no_reorder|no_transform,0,0,1,0x70018049,fallthrough,,,
flk_dense,0x70018080,0x700180a4,0x24,fallthrough_to_next_start,entry,,0x700180a4,0x70018079,0x2b,0x700180a4,insn|data|branch_target|no_reorder|no_transform,0,0,1,0x700180a4,fallthrough,,,
flk_dense,0x700180bc,0x700180cf,0x13,fallthrough_to_next_start|capped_at_prop_end,open,,0x700180d0,0x700180a4,0x2b,0x700180cf,insn|data|branch_target|no_reorder|no_transform,0,0,1,0x700180d0,fallthrough,,,
flk_dense,0x700180fc,0x70018128,0x2c,fallthrough_to_next_start,entry,,0x70018128,0x700180f9,0x2f,0x70018128,insn|data|branch_target|no_reorder|no_transform,0,0,1,0x70018128,fallthrough,,,
flk_dense,0x70018150,0x70018157,0x7,fallthrough_to_next_start,entry,,0x70018157,0x70018128,0x2f,0x70018157,insn|data|branch_target|no_reorder|no_transform,0,0,1,0x70018157,fallthrough,,,
flk_dense,0x70018174,0x70018182,0xe,prop_run_end_only,open,,,0x70018157,0x2b,0x70018182,insn|data|branch_target|no_reorder|no_transform,0,0,0,,,,,
