source,target,source_region,target_region,raw,opcode_low,opcode_high,decoded_delta,normalized_delta,delta_match,direction,span,source_mod8,target_mod8,pcrel_class,edge_confidence,score,source_prop_addr,source_prop_size,source_prop_flags,target_prop_size,target_prop_flags,nearest_anchor_distance
0x70081ed7,0x700826e8,ann_dense,ann_dense,060402,0x6,0x0,0x810,0x810,1,forward,0x811,7,0,dense_insn_target,medium,21,0x70081ec7,0x15,insn|branch_target|no_reorder,0x52,insn|no_reorder,28
0x70081f19,0x7008272c,ann_dense,ann_dense,060402,0x6,0x0,0x810,0x810,1,forward,0x813,1,4,dense_insn_target,medium,21,0x70081ee7,0x5f,insn|no_reorder,0x52,insn|no_reorder,40
0x70081f53,0x70082764,ann_dense,ann_dense,060402,0x6,0x0,0x810,0x810,1,forward,0x811,3,4,near_anchor_landing,landing,25,0x70081f46,0x10,insn|data|no_reorder|no_transform,0x10,insn|data|no_reorder|no_transform,8
0x70081f6b,0x7008277c,ann_dense,ann_dense,060402,0x6,0x0,0x810,0x810,1,forward,0x811,3,4,dense_insn_target,medium,21,0x70081f5e,0x5f,insn|no_reorder,0x52,insn|no_reorder,16
0x70081f90,0x700827a4,ann_dense,ann_dense,060402,0x6,0x0,0x810,0x810,1,forward,0x814,0,4,dense_insn_target,medium,21,0x70081f5e,0x5f,insn|no_reorder,0x52,insn|no_reorder,48
0x70081fca,0x700827dc,ann_dense,ann_dense,060402,0x6,0x0,0x810,0x810,1,forward,0x812,2,4,near_anchor_landing,landing,25,0x70081fbd,0x10,insn|data|no_reorder|no_transform,0x52,insn|no_reorder,8
0x70082005,0x70082818,ann_dense,ann_dense,060402,0x6,0x0,0x810,0x810,1,forward,0x813,5,0,dense_insn_target,medium,21,0x70081fd3,0x5f,insn|no_reorder,0x52,insn|no_reorder,36
0x7008203f,0x70082850,ann_dense,ann_dense,060402,0x6,0x0,0x810,0x810,1,forward,0x811,7,0,dense_insn_target,medium,21,0x70082032,0x10,insn|data|no_reorder|no_transform,0x52,insn|no_reorder,20
0x7008207a,0x7008288c,ann_dense,ann_dense,060402,0x6,0x0,0x810,0x810,1,forward,0x812,2,4,dense_insn_target,medium,21,0x70082048,0x5f,insn|no_reorder,0x52,insn|no_reorder,24
0x700820b4,0x700828c8,ann_dense,ann_dense,060402,0x6,0x0,0x810,0x810,1,forward,0x814,4,0,dense_insn_target,medium,21,0x700820a7,0x10,insn|data|no_reorder|no_transform,0x52,insn|no_reorder,36
0x700820f0,0x70082904,ann_dense,ann_dense,060402,0x6,0x0,0x810,0x810,1,forward,0x814,0,4,near_anchor_landing,landing,25,0x700820be,0x5f,insn|no_reorder,0x10,insn|data|no_reorder|no_transform,8
0x7008212a,0x7008293c,ann_dense,ann_dense,060402,0x6,0x0,0x810,0x810,1,forward,0x812,2,4,dense_insn_target,medium,21,0x7008211d,0x10,insn|data|no_reorder|no_transform,0x52,insn|no_reorder,48
0x70082165,0x70082978,ann_dense,ann_dense,060402,0x6,0x0,0x810,0x810,1,forward,0x813,5,0,near_anchor_landing,landing,25,0x70082133,0x5f,insn|no_reorder,0x52,insn|no_reorder,4
0x7008219f,0x700829b0,ann_dense,ann_dense,060402,0x6,0x0,0x810,0x810,1,forward,0x811,7,0,dense_insn_target,medium,21,0x70082192,0x10,insn|data|no_reorder|no_transform,0x52,insn|no_reorder,44
0x700821da,0x700829ec,ann_dense,ann_dense,060402,0x6,0x0,0x810,0x810,1,forward,0x812,2,4,dense_insn_target,medium,21,0x700821a8,0x5f,insn|no_reorder,0x52,insn|no_reorder,16
0x70082214,0x70082a28,ann_dense,ann_dense,060402,0x6,0x0,0x810,0x810,1,forward,0x814,4,0,dense_insn_target,medium,21,0x70082207,0x10,insn|data|no_reorder|no_transform,0x52,insn|no_reorder,28
0x70082250,0x70082a64,ann_dense,ann_dense,060402,0x6,0x0,0x810,0x810,1,forward,0x814,0,4,dense_insn_target,medium,21,0x7008221e,0x5f,insn|no_reorder,0x52,insn|no_reorder,32
0x7008228a,0x70082a9c,ann_dense,ann_dense,060402,0x6,0x0,0x810,0x810,1,forward,0x812,2,4,dense_insn_target,medium,21,0x7008227d,0x10,insn|data|no_reorder|no_transform,0x10,insn|data|no_reorder|no_transform,16
0x700822c5,0x70082ad8,ann_dense,ann_dense,060402,0x6,0x0,0x810,0x810,1,forward,0x813,5,0,dense_insn_target,medium,21,0x70082293,0x5f,insn|no_reorder,0x52,insn|no_reorder,44
0x700822ff,0x70082b10,ann_dense,ann_dense,060402,0x6,0x0,0x810,0x810,1,forward,0x811,7,0,dense_insn_target,medium,21,0x700822f2,0x10,insn|data|no_reorder|no_transform,0x6,insn|no_reorder,100
0x700169ce,0x700171e0,flk_dense,flk_dense,060402,0x6,0x0,0x810,0x810,1,forward,0x812,6,0,strong_dense_control_target,strong,29,0x700169ac,0x8c,insn|data|branch_target|no_reorder|no_transform,0x5f6,insn|data|loop_target|no_reorder|no_transform,947
0x700169e6,0x700171f8,flk_dense,flk_dense,060402,0x6,0x0,0x810,0x810,1,forward,0x812,6,0,strong_dense_control_target,strong,29,0x700169ac,0x8c,insn|data|branch_target|no_reorder|no_transform,0x5f6,insn|data|loop_target|no_reorder|no_transform,971
0x70016a0c,0x70017220,flk_dense,flk_dense,060402,0x6,0x0,0x810,0x810,1,forward,0x814,4,0,strong_dense_control_target,strong,29,0x700169ac,0x8c,insn|data|branch_target|no_reorder|no_transform,0x5f6,insn|data|loop_target|no_reorder|no_transform,1011
0x70016a1c,0x70017230,flk_dense,flk_dense,060402,0x6,0x0,0x810,0x810,1,forward,0x814,4,0,strong_dense_control_target,strong,29,0x700169ac,0x8c,insn|data|branch_target|no_reorder|no_transform,0x5f6,insn|data|loop_target|no_reorder|no_transform,1027
0x70016a35,0x70017248,flk_dense,flk_dense,060402,0x6,0x0,0x810,0x810,1,forward,0x813,5,0,strong_dense_control_target,strong,29,0x700169ac,0x8c,insn|data|branch_target|no_reorder|no_transform,0x5f6,insn|data|loop_target|no_reorder|no_transform,1051
0x70016a48,0x7001725c,flk_dense,flk_dense,060402,0x6,0x0,0x810,0x810,1,forward,0x814,0,4,strong_dense_control_target,strong,29,0x70016a38,0x157,insn|data|branch_target|no_reorder|no_transform,0x5f6,insn|data|loop_target|no_reorder|no_transform,1071
0x70016a61,0x70017274,flk_dense,flk_dense,060402,0x6,0x0,0x810,0x810,1,forward,0x813,1,4,strong_dense_control_target,strong,29,0x70016a38,0x157,insn|data|branch_target|no_reorder|no_transform,0x5f6,insn|data|loop_target|no_reorder|no_transform,1095
0x70016a74,0x70017288,flk_dense,flk_dense,060402,0x6,0x0,0x810,0x810,1,forward,0x814,4,0,strong_dense_control_target,strong,29,0x70016a38,0x157,insn|data|branch_target|no_reorder|no_transform,0x5f6,insn|data|loop_target|no_reorder|no_transform,1115
0x70016a8d,0x700172a0,flk_dense,flk_dense,060402,0x6,0x0,0x810,0x810,1,forward,0x813,5,0,strong_dense_control_target,strong,29,0x70016a38,0x157,insn|data|branch_target|no_reorder|no_transform,0x5f6,insn|data|loop_target|no_reorder|no_transform,1139
0x70016aa5,0x700172b8,flk_dense,flk_dense,060402,0x6,0x0,0x810,0x810,1,forward,0x813,5,0,strong_dense_control_target,strong,29,0x70016a38,0x157,insn|data|branch_target|no_reorder|no_transform,0x5f6,insn|data|loop_target|no_reorder|no_transform,1163
0x70016abe,0x700172d0,flk_dense,flk_dense,060402,0x6,0x0,0x810,0x810,1,forward,0x812,6,0,strong_dense_control_target,strong,29,0x70016a38,0x157,insn|data|branch_target|no_reorder|no_transform,0x5f6,insn|data|loop_target|no_reorder|no_transform,1187
0x70016ad4,0x700172e8,flk_dense,flk_dense,060402,0x6,0x0,0x810,0x810,1,forward,0x814,4,0,strong_dense_control_target,strong,29,0x70016a38,0x157,insn|data|branch_target|no_reorder|no_transform,0x5f6,insn|data|loop_target|no_reorder|no_transform,1211
0x70016aed,0x70017300,flk_dense,flk_dense,060402,0x6,0x0,0x810,0x810,1,forward,0x813,5,0,strong_dense_control_target,strong,29,0x70016a38,0x157,insn|data|branch_target|no_reorder|no_transform,0x5f6,insn|data|loop_target|no_reorder|no_transform,1235
0x70016b04,0x70017318,flk_dense,flk_dense,060402,0x6,0x0,0x810,0x810,1,forward,0x814,4,0,strong_dense_control_target,strong,29,0x70016a38,0x157,insn|data|branch_target|no_reorder|no_transform,0x5f6,insn|data|loop_target|no_reorder|no_transform,1259
0x70016b1d,0x70017330,flk_dense,flk_dense,060402,0x6,0x0,0x810,0x810,1,forward,0x813,5,0,strong_dense_control_target,strong,29,0x70016a38,0x157,insn|data|branch_target|no_reorder|no_transform,0x5f6,insn|data|loop_target|no_reorder|no_transform,1283
0x70016b35,0x70017348,flk_dense,flk_dense,060402,0x6,0x0,0x810,0x810,1,forward,0x813,5,0,strong_dense_control_target,strong,29,0x70016a38,0x157,insn|data|branch_target|no_reorder|no_transform,0x5f6,insn|data|loop_target|no_reorder|no_transform,1307
0x70016b4e,0x70017360,flk_dense,flk_dense,060402,0x6,0x0,0x810,0x810,1,forward,0x812,6,0,strong_dense_control_target,strong,29,0x70016a38,0x157,insn|data|branch_target|no_reorder|no_transform,0x5f6,insn|data|loop_target|no_reorder|no_transform,1331
0x70016b85,0x70017398,flk_dense,flk_dense,060402,0x6,0x0,0x810,0x810,1,forward,0x813,5,0,strong_dense_control_target,strong,29,0x70016a38,0x157,insn|data|branch_target|no_reorder|no_transform,0x5f6,insn|data|loop_target|no_reorder|no_transform,1387
0x70016bbd,0x700173d0,flk_dense,flk_dense,060402,0x6,0x0,0x810,0x810,1,forward,0x813,5,0,strong_dense_control_target,strong,29,0x70016bb0,0x35e,insn|data|branch_target|no_reorder|no_transform,0x5f6,insn|data|loop_target|no_reorder|no_transform,1443
0x70016bdc,0x700173f0,flk_dense,flk_dense,060402,0x6,0x0,0x810,0x810,1,forward,0x814,4,0,strong_dense_control_target,strong,29,0x70016bb0,0x35e,insn|data|branch_target|no_reorder|no_transform,0x5f6,insn|data|loop_target|no_reorder|no_transform,1475
0x70016bec,0x70017400,flk_dense,flk_dense,060402,0x6,0x0,0x810,0x810,1,forward,0x814,4,0,strong_dense_control_target,strong,29,0x70016bb0,0x35e,insn|data|branch_target|no_reorder|no_transform,0x5f6,insn|data|loop_target|no_reorder|no_transform,1491
0x70016bfc,0x70017410,flk_dense,flk_dense,060402,0x6,0x0,0x810,0x810,1,forward,0x814,4,0,strong_dense_control_target,strong,29,0x70016bb0,0x35e,insn|data|branch_target|no_reorder|no_transform,0x5f6,insn|data|loop_target|no_reorder|no_transform,1507
0x70016c2c,0x70017440,flk_dense,flk_dense,060402,0x6,0x0,0x810,0x810,1,forward,0x814,4,0,strong_dense_control_target,strong,29,0x70016bb0,0x35e,insn|data|branch_target|no_reorder|no_transform,0x5f6,insn|data|loop_target|no_reorder|no_transform,1555
0x70016c4c,0x70017460,flk_dense,flk_dense,060402,0x6,0x0,0x810,0x810,1,forward,0x814,4,0,strong_dense_control_target,strong,29,0x70016bb0,0x35e,insn|data|branch_target|no_reorder|no_transform,0x5f6,insn|data|loop_target|no_reorder|no_transform,1587
0x70016c5c,0x70017470,flk_dense,flk_dense,060402,0x6,0x0,0x810,0x810,1,forward,0x814,4,0,strong_dense_control_target,strong,29,0x70016bb0,0x35e,insn|data|branch_target|no_reorder|no_transform,0x5f6,insn|data|loop_target|no_reorder|no_transform,1603
0x70016c6c,0x70017480,flk_dense,flk_dense,060402,0x6,0x0,0x810,0x810,1,forward,0x814,4,0,strong_dense_control_target,strong,29,0x70016bb0,0x35e,insn|data|branch_target|no_reorder|no_transform,0x5f6,insn|data|loop_target|no_reorder|no_transform,1619
0x70016ca9,0x700174bc,flk_dense,flk_dense,060402,0x6,0x0,0x810,0x810,1,forward,0x813,1,4,strong_dense_control_target,strong,29,0x70016bb0,0x35e,insn|data|branch_target|no_reorder|no_transform,0x5f6,insn|data|loop_target|no_reorder|no_transform,1679
0x70016cb9,0x700174cc,flk_dense,flk_dense,060402,0x6,0x0,0x810,0x810,1,forward,0x813,1,4,strong_dense_control_target,strong,29,0x70016bb0,0x35e,insn|data|branch_target|no_reorder|no_transform,0x5f6,insn|data|loop_target|no_reorder|no_transform,1695
0x70016ccc,0x700174e0,flk_dense,flk_dense,060402,0x6,0x0,0x810,0x810,1,forward,0x814,4,0,strong_dense_control_target,strong,29,0x70016bb0,0x35e,insn|data|branch_target|no_reorder|no_transform,0x5f6,insn|data|loop_target|no_reorder|no_transform,1683
0x70016cfc,0x70017510,flk_dense,flk_dense,060402,0x6,0x0,0x810,0x810,1,forward,0x814,4,0,strong_dense_control_target,strong,29,0x70016bb0,0x35e,insn|data|branch_target|no_reorder|no_transform,0xdc,insn|data|branch_target|no_reorder|no_transform,1635
0x70016d0c,0x70017520,flk_dense,flk_dense,060402,0x6,0x0,0x810,0x810,1,forward,0x814,4,0,strong_dense_control_target,strong,29,0x70016bb0,0x35e,insn|data|branch_target|no_reorder|no_transform,0xdc,insn|data|branch_target|no_reorder|no_transform,1619
0x70016d2c,0x70017540,flk_dense,flk_dense,060402,0x6,0x0,0x810,0x810,1,forward,0x814,4,0,strong_dense_control_target,strong,29,0x70016bb0,0x35e,insn|data|branch_target|no_reorder|no_transform,0xdc,insn|data|branch_target|no_reorder|no_transform,1587
0x70016d5a,0x7001756c,flk_dense,flk_dense,060402,0x6,0x0,0x810,0x810,1,forward,0x812,2,4,strong_dense_control_target,strong,29,0x70016bb0,0x35e,insn|data|branch_target|no_reorder|no_transform,0xdc,insn|data|branch_target|no_reorder|no_transform,1543
0x70016d6a,0x7001757c,flk_dense,flk_dense,060402,0x6,0x0,0x810,0x810,1,forward,0x812,2,4,strong_dense_control_target,strong,29,0x70016bb0,0x35e,insn|data|branch_target|no_reorder|no_transform,0xdc,insn|data|branch_target|no_reorder|no_transform,1527
0x70016d7a,0x7001758c,flk_dense,flk_dense,060402,0x6,0x0,0x810,0x810,1,forward,0x812,2,4,strong_dense_control_target,strong,29,0x70016bb0,0x35e,insn|data|branch_target|no_reorder|no_transform,0xdc,insn|data|branch_target|no_reorder|no_transform,1511
0x70016d8a,0x7001759c,flk_dense,flk_dense,060402,0x6,0x0,0x810,0x810,1,forward,0x812,2,4,strong_dense_control_target,strong,29,0x70016bb0,0x35e,insn|data|branch_target|no_reorder|no_transform,0xdc,insn|data|branch_target|no_reorder|no_transform,1495
0x70016dbf,0x700175d0,flk_dense,flk_dense,060402,0x6,0x0,0x810,0x810,1,forward,0x811,7,0,strong_dense_control_target,strong,29,0x70016bb0,0x35e,insn|data|branch_target|no_reorder|no_transform,0xdc,insn|data|branch_target|no_reorder|no_transform,1443
0x70016dd7,0x700175e8,flk_dense,flk_dense,060402,0x6,0x0,0x810,0x810,1,forward,0x811,7,0,strong_dense_control_target,strong,29,0x70016bb0,0x35e,insn|data|branch_target|no_reorder|no_transform,0x1e1,insn|data|branch_target|no_reorder|no_transform,1419
0x70016de7,0x700175f8,flk_dense,flk_dense,060402,0x6,0x0,0x810,0x810,1,forward,0x811,7,0,strong_dense_control_target,strong,29,0x70016bb0,0x35e,insn|data|branch_target|no_reorder|no_transform,0x1e1,insn|data|branch_target|no_reorder|no_transform,1403
0x70016df7,0x70017608,flk_dense,flk_dense,060402,0x6,0x0,0x810,0x810,1,forward,0x811,7,0,strong_dense_control_target,strong,29,0x70016bb0,0x35e,insn|data|branch_target|no_reorder|no_transform,0x1e1,insn|data|branch_target|no_reorder|no_transform,1387
0x70016e17,0x70017628,flk_dense,flk_dense,060402,0x6,0x0,0x810,0x810,1,forward,0x811,7,0,strong_dense_control_target,strong,29,0x70016bb0,0x35e,insn|data|branch_target|no_reorder|no_transform,0x1e1,insn|data|branch_target|no_reorder|no_transform,1355
0x70016e27,0x70017638,flk_dense,flk_dense,060402,0x6,0x0,0x810,0x810,1,forward,0x811,7,0,strong_dense_control_target,strong,29,0x70016bb0,0x35e,insn|data|branch_target|no_reorder|no_transform,0x1e1,insn|data|branch_target|no_reorder|no_transform,1339
0x70016e77,0x70017688,flk_dense,flk_dense,060402,0x6,0x0,0x810,0x810,1,forward,0x811,7,0,strong_dense_control_target,strong,29,0x70016bb0,0x35e,insn|data|branch_target|no_reorder|no_transform,0x1e1,insn|data|branch_target|no_reorder|no_transform,1259
0x70016e87,0x70017698,flk_dense,flk_dense,060402,0x6,0x0,0x810,0x810,1,forward,0x811,7,0,strong_dense_control_target,strong,29,0x70016bb0,0x35e,insn|data|branch_target|no_reorder|no_transform,0x1e1,insn|data|branch_target|no_reorder|no_transform,1243
0x70016eb7,0x700176c8,flk_dense,flk_dense,060402,0x6,0x0,0x810,0x810,1,forward,0x811,7,0,strong_dense_control_target,strong,29,0x70016bb0,0x35e,insn|data|branch_target|no_reorder|no_transform,0x1e1,insn|data|branch_target|no_reorder|no_transform,1195
0x70016ecf,0x700176e0,flk_dense,flk_dense,060402,0x6,0x0,0x810,0x810,1,forward,0x811,7,0,strong_dense_control_target,strong,29,0x70016bb0,0x35e,insn|data|branch_target|no_reorder|no_transform,0x1e1,insn|data|branch_target|no_reorder|no_transform,1171
0x70016edf,0x700176f0,flk_dense,flk_dense,060402,0x6,0x0,0x810,0x810,1,forward,0x811,7,0,strong_dense_control_target,strong,29,0x70016bb0,0x35e,insn|data|branch_target|no_reorder|no_transform,0x1e1,insn|data|branch_target|no_reorder|no_transform,1155
0x70016f24,0x70017738,flk_dense,flk_dense,060402,0x6,0x0,0x810,0x810,1,forward,0x814,4,0,strong_dense_control_target,strong,29,0x70016f0e,0x5f6,insn|data|loop_target|no_reorder|no_transform,0x1e1,insn|data|branch_target|no_reorder|no_transform,1083
0x70016f34,0x70017748,flk_dense,flk_dense,060402,0x6,0x0,0x810,0x810,1,forward,0x814,4,0,strong_dense_control_target,strong,29,0x70016f0e,0x5f6,insn|data|loop_target|no_reorder|no_transform,0x1e1,insn|data|branch_target|no_reorder|no_transform,1067
0x70016f4c,0x70017760,flk_dense,flk_dense,060402,0x6,0x0,0x810,0x810,1,forward,0x814,4,0,strong_dense_control_target,strong,29,0x70016f0e,0x5f6,insn|data|loop_target|no_reorder|no_transform,0x1e1,insn|data|branch_target|no_reorder|no_transform,1043
0x70016f64,0x70017778,flk_dense,flk_dense,060402,0x6,0x0,0x810,0x810,1,forward,0x814,4,0,strong_dense_control_target,strong,29,0x70016f0e,0x5f6,insn|data|loop_target|no_reorder|no_transform,0x1e1,insn|data|branch_target|no_reorder|no_transform,1019
0x70016f84,0x70017798,flk_dense,flk_dense,060402,0x6,0x0,0x810,0x810,1,forward,0x814,4,0,strong_dense_control_target,strong,29,0x70016f0e,0x5f6,insn|data|loop_target|no_reorder|no_transform,0x1e1,insn|data|branch_target|no_reorder|no_transform,987
0x70016fa4,0x700177b8,flk_dense,flk_dense,060402,0x6,0x0,0x810,0x810,1,forward,0x814,4,0,strong_dense_control_target,strong,29,0x70016f0e,0x5f6,insn|data|loop_target|no_reorder|no_transform,0x1e1,insn|data|branch_target|no_reorder|no_transform,955
0x70016ff4,0x70017808,flk_dense,flk_dense,060402,0x6,0x0,0x810,0x810,1,forward,0x814,4,0,strong_dense_control_target,strong,29,0x70016f0e,0x5f6,insn|data|loop_target|no_reorder|no_transform,0x54,insn|data|branch_target|no_reorder|no_transform,875
0x70017004,0x70017818,flk_dense,flk_dense,060402,0x6,0x0,0x810,0x810,1,forward,0x814,4,0,strong_dense_control_target,strong,29,0x70016f0e,0x5f6,insn|data|loop_target|no_reorder|no_transform,0x3f,insn|data|branch_target|no_reorder|no_transform,859
0x70017024,0x70017838,flk_dense,flk_dense,060402,0x6,0x0,0x810,0x810,1,forward,0x814,4,0,strong_dense_control_target,strong,29,0x70016f0e,0x5f6,insn|data|loop_target|no_reorder|no_transform,0x3f,insn|data|branch_target|no_reorder|no_transform,827
0x70017044,0x70017858,flk_dense,flk_dense,060402,0x6,0x0,0x810,0x810,1,forward,0x814,4,0,strong_dense_control_target,strong,29,0x70016f0e,0x5f6,insn|data|loop_target|no_reorder|no_transform,0x3f,insn|data|branch_target|no_reorder|no_transform,795
0x70017054,0x70017868,flk_dense,flk_dense,060402,0x6,0x0,0x810,0x810,1,forward,0x814,4,0,strong_dense_control_target,strong,29,0x70016f0e,0x5f6,insn|data|loop_target|no_reorder|no_transform,0x3f,insn|data|branch_target|no_reorder|no_transform,779
0x70017064,0x70017878,flk_dense,flk_dense,060402,0x6,0x0,0x810,0x810,1,forward,0x814,4,0,strong_dense_control_target,strong,29,0x70016f0e,0x5f6,insn|data|loop_target|no_reorder|no_transform,0x3f,insn|data|branch_target|no_reorder|no_transform,763
0x7001707f,0x70017890,flk_dense,flk_dense,060402,0x6,0x0,0x810,0x810,1,forward,0x811,7,0,strong_dense_control_target,strong,29,0x70016f0e,0x5f6,insn|data|loop_target|no_reorder|no_transform,0x3f,insn|data|branch_target|no_reorder|no_transform,739
0x70017098,0x700178ac,flk_dense,flk_dense,060402,0x6,0x0,0x810,0x810,1,forward,0x814,0,4,strong_dense_control_target,strong,29,0x70016f0e,0x5f6,insn|data|loop_target|no_reorder|no_transform,0x3f,insn|data|branch_target|no_reorder|no_transform,711
0x700170a8,0x700178bc,flk_dense,flk_dense,060402,0x6,0x0,0x810,0x810,1,forward,0x814,0,4,strong_dense_control_target,strong,29,0x70016f0e,0x5f6,insn|data|loop_target|no_reorder|no_transform,0x3f,insn|data|branch_target|no_reorder|no_transform,695
0x700170b8,0x700178cc,flk_dense,flk_dense,060402,0x6,0x0,0x810,0x810,1,forward,0x814,0,4,strong_dense_control_target,strong,29,0x70016f0e,0x5f6,insn|data|loop_target|no_reorder|no_transform,0x3f,insn|data|branch_target|no_reorder|no_transform,679
0x700170d7,0x70017468,flk_dense,flk_dense,06e400,0x6,0x0,0x390,0x390,1,forward,0x391,7,0,strong_dense_control_target,strong,29,0x70016f0e,0x5f6,insn|data|loop_target|no_reorder|no_transform,0x5f6,insn|data|loop_target|no_reorder|no_transform,1595
0x700170f0,0x70017904,flk_dense,flk_dense,060402,0x6,0x0,0x810,0x810,1,forward,0x814,0,4,strong_dense_control_target,strong,29,0x70016f0e,0x5f6,insn|data|loop_target|no_reorder|no_transform,0x3f,insn|data|branch_target|no_reorder|no_transform,623
0x70017100,0x70017914,flk_dense,flk_dense,060402,0x6,0x0,0x810,0x810,1,forward,0x814,0,4,strong_dense_control_target,strong,29,0x70016f0e,0x5f6,insn|data|loop_target|no_reorder|no_transform,0x1d,insn|data|branch_target|no_reorder|no_transform,607
0x70017130,0x70017944,flk_dense,flk_dense,060402,0x6,0x0,0x810,0x810,1,forward,0x814,0,4,strong_dense_control_target,strong,29,0x70016f0e,0x5f6,insn|data|loop_target|no_reorder|no_transform,0xd1,insn|data|branch_target|no_reorder|no_transform,559
0x70017140,0x70017954,flk_dense,flk_dense,060402,0x6,0x0,0x810,0x810,1,forward,0x814,0,4,strong_dense_control_target,strong,29,0x70016f0e,0x5f6,insn|data|loop_target|no_reorder|no_transform,0xd1,insn|data|branch_target|no_reorder|no_transform,543
0x70017150,0x70017964,flk_dense,flk_dense,060402,0x6,0x0,0x810,0x810,1,forward,0x814,0,4,strong_dense_control_target,strong,29,0x70016f0e,0x5f6,insn|data|loop_target|no_reorder|no_transform,0xd1,insn|data|branch_target|no_reorder|no_transform,527
0x70017160,0x70017974,flk_dense,flk_dense,060402,0x6,0x0,0x810,0x810,1,forward,0x814,0,4,strong_dense_control_target,strong,29,0x70016f0e,0x5f6,insn|data|loop_target|no_reorder|no_transform,0xd1,insn|data|branch_target|no_reorder|no_transform,511
0x70017170,0x70017984,flk_dense,flk_dense,060402,0x6,0x0,0x810,0x810,1,forward,0x814,0,4,strong_dense_control_target,strong,29,0x70016f0e,0x5f6,insn|data|loop_target|no_reorder|no_transform,0xd1,insn|data|branch_target|no_reorder|no_transform,495
0x70017188,0x7001799c,flk_dense,flk_dense,060402,0x6,0x0,0x810,0x810,1,forward,0x814,0,4,strong_dense_control_target,strong,29,0x70016f0e,0x5f6,insn|data|loop_target|no_reorder|no_transform,0xd1,insn|data|branch_target|no_reorder|no_transform,471
0x70017198,0x700179ac,flk_dense,flk_dense,060402,0x6,0x0,0x810,0x810,1,forward,0x814,0,4,strong_dense_control_target,strong,29,0x70016f0e,0x5f6,insn|data|loop_target|no_reorder|no_transform,0xd1,insn|data|branch_target|no_reorder|no_transform,455
0x700171b8,0x700179cc,flk_dense,flk_dense,060402,0x6,0x0,0x810,0x810,1,forward,0x814,0,4,strong_dense_control_target,strong,29,0x70016f0e,0x5f6,insn|data|loop_target|no_reorder|no_transform,0xd1,insn|data|branch_target|no_reorder|no_transform,423
0x700171c8,0x700179dc,flk_dense,flk_dense,060402,0x6,0x0,0x810,0x810,1,forward,0x814,0,4,strong_dense_control_target,strong,29,0x70016f0e,0x5f6,insn|data|loop_target|no_reorder|no_transform,0xd1,insn|data|branch_target|no_reorder|no_transform,407
0x700171d8,0x700179ec,flk_dense,flk_dense,060402,0x6,0x0,0x810,0x810,1,forward,0x814,0,4,strong_dense_control_target,strong,29,0x70016f0e,0x5f6,insn|data|loop_target|no_reorder|no_transform,0xd1,insn|data|branch_target|no_reorder|no_transform,391
0x700171f3,0x70017a04,flk_dense,flk_dense,060402,0x6,0x0,0x810,0x810,1,forward,0x811,3,4,strong_dense_control_target,strong,29,0x70016f0e,0x5f6,insn|data|loop_target|no_reorder|no_transform,0x83,insn|data|branch_target|no_reorder|no_transform,367
0x70017229,0x70017a3c,flk_dense,flk_dense,060402,0x6,0x0,0x810,0x810,1,forward,0x813,1,4,strong_dense_control_target,strong,29,0x70016f0e,0x5f6,insn|data|loop_target|no_reorder|no_transform,0x83,insn|data|branch_target|no_reorder|no_transform,311
0x7001726a,0x70017a7c,flk_dense,flk_dense,060402,0x6,0x0,0x810,0x810,1,forward,0x812,2,4,strong_dense_control_target,strong,29,0x70016f0e,0x5f6,insn|data|loop_target|no_reorder|no_transform,0x83,insn|data|branch_target|no_reorder|no_transform,247
0x70017282,0x70017a94,flk_dense,flk_dense,060402,0x6,0x0,0x810,0x810,1,forward,0x812,2,4,strong_dense_control_target,strong,29,0x70016f0e,0x5f6,insn|data|loop_target|no_reorder|no_transform,0xfd,insn|data|branch_target|no_reorder|no_transform,223
0x70017300,0x70017b14,flk_dense,flk_dense,060402,0x6,0x0,0x810,0x810,1,forward,0x814,0,4,strong_dense_control_target,strong,29,0x70016f0e,0x5f6,insn|data|loop_target|no_reorder|no_transform,0xfd,insn|data|branch_target|no_reorder|no_transform,95
0x70017328,0x70017b3c,flk_dense,flk_dense,060402,0x6,0x0,0x810,0x810,1,forward,0x814,0,4,strong_dense_control_target,strong,29,0x70016f0e,0x5f6,insn|data|loop_target|no_reorder|no_transform,0xfd,insn|data|branch_target|no_reorder|no_transform,55
0x70017338,0x70017b4c,flk_dense,flk_dense,060402,0x6,0x0,0x810,0x810,1,forward,0x814,0,4,strong_dense_control_target,strong,29,0x70016f0e,0x5f6,insn|data|loop_target|no_reorder|no_transform,0xfd,insn|data|branch_target|no_reorder|no_transform,39
0x7001734b,0x70017b5c,flk_dense,flk_dense,060402,0x6,0x0,0x810,0x810,1,forward,0x811,3,4,strong_dense_control_target,strong,29,0x70016f0e,0x5f6,insn|data|loop_target|no_reorder|no_transform,0xfd,insn|data|branch_target|no_reorder|no_transform,23
0x700173b7,0x70017bc8,flk_dense,flk_dense,060402,0x6,0x0,0x810,0x810,1,forward,0x811,7,0,strong_dense_control_target,strong,29,0x70016f0e,0x5f6,insn|data|loop_target|no_reorder|no_transform,0xaf,insn|data|branch_target|no_reorder|no_transform,85
0x700173d2,0x70017be4,flk_dense,flk_dense,060402,0x6,0x0,0x810,0x810,1,forward,0x812,2,4,strong_dense_control_target,strong,29,0x70016f0e,0x5f6,insn|data|loop_target|no_reorder|no_transform,0xaf,insn|data|branch_target|no_reorder|no_transform,113
0x70017405,0x70017c18,flk_dense,flk_dense,060402,0x6,0x0,0x810,0x810,1,forward,0x813,5,0,strong_dense_control_target,strong,29,0x70016f0e,0x5f6,insn|data|loop_target|no_reorder|no_transform,0xaf,insn|data|branch_target|no_reorder|no_transform,165
0x70017448,0x70017c5c,flk_dense,flk_dense,060402,0x6,0x0,0x810,0x810,1,forward,0x814,0,4,strong_dense_control_target,strong,29,0x70016f0e,0x5f6,insn|data|loop_target|no_reorder|no_transform,0x21,insn|data|branch_target|no_reorder|no_transform,108
0x70017478,0x70017c8c,flk_dense,flk_dense,060402,0x6,0x0,0x810,0x810,1,forward,0x814,0,4,strong_dense_control_target,strong,29,0x70016f0e,0x5f6,insn|data|loop_target|no_reorder|no_transform,0x2c,insn|data|branch_target|no_reorder|no_transform,60
0x70017488,0x70017c9c,flk_dense,flk_dense,060402,0x6,0x0,0x810,0x810,1,forward,0x814,0,4,strong_dense_control_target,strong,29,0x70016f0e,0x5f6,insn|data|loop_target|no_reorder|no_transform,0x21,insn|data|branch_target|no_reorder|no_transform,44
0x70017498,0x70017cac,flk_dense,flk_dense,060402,0x6,0x0,0x810,0x810,1,forward,0x814,0,4,strong_dense_control_target,strong,29,0x70016f0e,0x5f6,insn|data|loop_target|no_reorder|no_transform,0x21,insn|data|branch_target|no_reorder|no_transform,28
0x700174ab,0x70017cbc,flk_dense,flk_dense,060402,0x6,0x0,0x810,0x810,1,forward,0x811,3,4,strong_dense_control_target,strong,29,0x70016f0e,0x5f6,insn|data|loop_target|no_reorder|no_transform,0x21,insn|data|branch_target|no_reorder|no_transform,12
0x700174be,0x70017cd0,flk_dense,flk_dense,060402,0x6,0x0,0x810,0x810,1,forward,0x812,6,0,anchor_adjacent_landing,landing,31,0x70016f0e,0x5f6,insn|data|loop_target|no_reorder|no_transform,0xb,insn|data|no_reorder|no_transform,1
0x700174ce,0x70017ce0,flk_dense,flk_dense,060402,0x6,0x0,0x810,0x810,1,forward,0x812,6,0,near_anchor_landing,landing,25,0x70016f0e,0x5f6,insn|data|loop_target|no_reorder|no_transform,0xb,insn|data|no_reorder|no_transform,2
0x700174de,0x70017cf0,flk_dense,flk_dense,060402,0x6,0x0,0x810,0x810,1,forward,0x812,6,0,near_anchor_landing,landing,25,0x70016f0e,0x5f6,insn|data|loop_target|no_reorder|no_transform,0xb,insn|data|no_reorder|no_transform,4
0x700174ee,0x70017d00,flk_dense,flk_dense,060402,0x6,0x0,0x810,0x810,1,forward,0x812,6,0,anchor_adjacent_landing,landing,31,0x70016f0e,0x5f6,insn|data|loop_target|no_reorder|no_transform,0xb,insn|data|no_reorder|no_transform,1
0x700174fe,0x70017d10,flk_dense,flk_dense,060402,0x6,0x0,0x810,0x810,1,forward,0x812,6,0,near_anchor_landing,landing,25,0x70016f0e,0x5f6,insn|data|loop_target|no_reorder|no_transform,0xb,insn|data|no_reorder|no_transform,5
0x70017537,0x70017d48,flk_dense,flk_dense,060402,0x6,0x0,0x810,0x810,1,forward,0x811,7,0,near_anchor_landing,landing,25,0x70017504,0xdc,insn|data|branch_target|no_reorder|no_transform,0xb,insn|data|no_reorder|no_transform,4
0x70017547,0x70017d58,flk_dense,flk_dense,060402,0x6,0x0,0x810,0x810,1,forward,0x811,7,0,anchor_adjacent_landing,landing,31,0x70017504,0xdc,insn|data|branch_target|no_reorder|no_transform,0xb,insn|data|no_reorder|no_transform,1
0x70017555,0x700175e0,flk_dense,flk_dense,062200,0x6,0x0,0x88,0x88,1,forward,0x8b,5,0,strong_dense_control_target,strong,29,0x70017504,0xdc,insn|data|branch_target|no_reorder|no_transform,0x1e1,insn|data|branch_target|no_reorder|no_transform,1427
0x7001758d,0x70017da0,flk_dense,flk_dense,060402,0x6,0x0,0x810,0x810,1,forward,0x813,5,0,near_anchor_landing,landing,25,0x70017504,0xdc,insn|data|branch_target|no_reorder|no_transform,0xb,insn|data|no_reorder|no_transform,4
0x70017598,0x70017624,flk_dense,flk_dense,062200,0x6,0x0,0x88,0x88,1,forward,0x8c,0,4,strong_dense_control_target,strong,29,0x70017504,0xdc,insn|data|branch_target|no_reorder|no_transform,0x1e1,insn|data|branch_target|no_reorder|no_transform,1359
0x700175ed,0x70017e00,flk_dense,flk_dense,060402,0x6,0x0,0x810,0x810,1,forward,0x813,5,0,near_anchor_landing,landing,25,0x700175e0,0x1e1,insn|data|branch_target|no_reorder|no_transform,0xb,insn|data|no_reorder|no_transform,4
0x700175fd,0x70017e10,flk_dense,flk_dense,060402,0x6,0x0,0x810,0x810,1,forward,0x813,5,0,near_anchor_landing,landing,25,0x700175e0,0x1e1,insn|data|branch_target|no_reorder|no_transform,0xb,insn|data|no_reorder|no_transform,2
0x7001760d,0x70017e20,flk_dense,flk_dense,060402,0x6,0x0,0x810,0x810,1,forward,0x813,5,0,near_anchor_landing,landing,25,0x700175e0,0x1e1,insn|data|branch_target|no_reorder|no_transform,0xb,insn|data|no_reorder|no_transform,3
0x7001762c,0x70017e40,flk_dense,flk_dense,060402,0x6,0x0,0x810,0x810,1,forward,0x814,4,0,near_anchor_landing,landing,25,0x700175e0,0x1e1,insn|data|branch_target|no_reorder|no_transform,0xb,insn|data|no_reorder|no_transform,2
0x70017660,0x70017e74,flk_dense,flk_dense,060402,0x6,0x0,0x810,0x810,1,forward,0x814,0,4,dense_insn_target,medium,21,0x700175e0,0x1e1,insn|data|branch_target|no_reorder|no_transform,0x2f,insn|data|no_reorder|no_transform,54
0x70017670,0x70017e84,flk_dense,flk_dense,060402,0x6,0x0,0x810,0x810,1,forward,0x814,0,4,dense_insn_target,medium,21,0x700175e0,0x1e1,insn|data|branch_target|no_reorder|no_transform,0x2f,insn|data|no_reorder|no_transform,70
0x70017696,0x70017ea8,flk_dense,flk_dense,060402,0x6,0x0,0x810,0x810,1,forward,0x812,6,0,dense_insn_target,medium,21,0x700175e0,0x1e1,insn|data|branch_target|no_reorder|no_transform,0x2f,insn|data|no_reorder|no_transform,106
0x700176a6,0x70017eb8,flk_dense,flk_dense,060402,0x6,0x0,0x810,0x810,1,forward,0x812,6,0,dense_insn_target,medium,21,0x700175e0,0x1e1,insn|data|branch_target|no_reorder|no_transform,0x2f,insn|data|no_reorder|no_transform,122
0x700176b6,0x70017ec8,flk_dense,flk_dense,060402,0x6,0x0,0x810,0x810,1,forward,0x812,6,0,dense_insn_target,medium,21,0x700175e0,0x1e1,insn|data|branch_target|no_reorder|no_transform,0x2f,insn|data|no_reorder|no_transform,138
0x700176de,0x70017ef0,flk_dense,flk_dense,060402,0x6,0x0,0x810,0x810,1,forward,0x812,6,0,dense_insn_target,medium,21,0x700175e0,0x1e1,insn|data|branch_target|no_reorder|no_transform,0x2b,insn|data|no_reorder|no_transform,178
0x70017705,0x70017f18,flk_dense,flk_dense,060402,0x6,0x0,0x810,0x810,1,forward,0x813,5,0,dense_insn_target,medium,21,0x700175e0,0x1e1,insn|data|branch_target|no_reorder|no_transform,0x2f,insn|data|no_reorder|no_transform,218
0x70017715,0x70017f28,flk_dense,flk_dense,060402,0x6,0x0,0x810,0x810,1,forward,0x813,5,0,dense_insn_target,medium,21,0x700175e0,0x1e1,insn|data|branch_target|no_reorder|no_transform,0x2f,insn|data|no_reorder|no_transform,234
0x70017725,0x70017f38,flk_dense,flk_dense,060402,0x6,0x0,0x810,0x810,1,forward,0x813,5,0,dense_insn_target,medium,21,0x700175e0,0x1e1,insn|data|branch_target|no_reorder|no_transform,0x2f,insn|data|no_reorder|no_transform,250
0x70017745,0x70017f58,flk_dense,flk_dense,060402,0x6,0x0,0x810,0x810,1,forward,0x813,5,0,dense_insn_target,medium,21,0x700175e0,0x1e1,insn|data|branch_target|no_reorder|no_transform,0x2f,insn|data|no_reorder|no_transform,282
0x70017750,0x700177dc,flk_dense,flk_dense,062200,0x6,0x0,0x88,0x88,1,forward,0x8c,0,4,strong_dense_control_target,strong,29,0x700175e0,0x1e1,insn|data|branch_target|no_reorder|no_transform,0x54,insn|data|branch_target|no_reorder|no_transform,919
0x7001777b,0x70017f8c,flk_dense,flk_dense,060402,0x6,0x0,0x810,0x810,1,forward,0x811,3,4,dense_insn_target,medium,21,0x700175e0,0x1e1,insn|data|branch_target|no_reorder|no_transform,0x2f,insn|data|no_reorder|no_transform,334
0x7001778b,0x70017f9c,flk_dense,flk_dense,060402,0x6,0x0,0x810,0x810,1,forward,0x811,3,4,dense_insn_target,medium,21,0x700175e0,0x1e1,insn|data|branch_target|no_reorder|no_transform,0x2b,insn|data|no_reorder|no_transform,350
0x7001779b,0x70017fac,flk_dense,flk_dense,060402,0x6,0x0,0x810,0x810,1,forward,0x811,3,4,dense_insn_target,medium,21,0x700175e0,0x1e1,insn|data|branch_target|no_reorder|no_transform,0x2b,insn|data|no_reorder|no_transform,366
0x700177ee,0x70018000,flk_dense,flk_dense,060402,0x6,0x0,0x810,0x810,1,forward,0x812,6,0,strong_dense_control_target,strong,29,0x700177c3,0x54,insn|data|branch_target|no_reorder|no_transform,0x2f,insn|data|branch_target|no_reorder|no_transform,450
0x7001782d,0x70018040,flk_dense,flk_dense,060402,0x6,0x0,0x810,0x810,1,forward,0x813,5,0,strong_dense_control_target,strong,29,0x70017817,0x3f,insn|data|branch_target|no_reorder|no_transform,0x2f,insn|data|branch_target|no_reorder|no_transform,514
0x7001786c,0x70018080,flk_dense,flk_dense,060402,0x6,0x0,0x810,0x810,1,forward,0x814,4,0,strong_dense_control_target,strong,29,0x70017856,0x3f,insn|data|branch_target|no_reorder|no_transform,0x2b,insn|data|branch_target|no_reorder|no_transform,578
0x700178ab,0x700180bc,flk_dense,flk_dense,060402,0x6,0x0,0x810,0x810,1,forward,0x811,3,4,strong_dense_control_target,strong,29,0x70017895,0x3f,insn|data|branch_target|no_reorder|no_transform,0x2b,insn|data|branch_target|no_reorder|no_transform,638
0x700178ea,0x700180fc,flk_dense,flk_dense,060402,0x6,0x0,0x810,0x810,1,forward,0x812,2,4,strong_dense_control_target,strong,29,0x700178d4,0x3f,insn|data|branch_target|no_reorder|no_transform,0x2f,insn|data|branch_target|no_reorder|no_transform,702
0x7001793d,0x70018150,flk_dense,flk_dense,060402,0x6,0x0,0x810,0x810,1,forward,0x813,5,0,strong_dense_control_target,strong,29,0x70017930,0xd1,insn|data|branch_target|no_reorder|no_transform,0x2f,insn|data|branch_target|no_reorder|no_transform,786
0x70017960,0x70018174,flk_dense,flk_dense,060402,0x6,0x0,0x810,0x810,1,forward,0x814,0,4,strong_dense_control_target,strong,29,0x70017930,0xd1,insn|data|branch_target|no_reorder|no_transform,0x2b,insn|data|branch_target|no_reorder|no_transform,822
0x7001796b,0x700179f4,flk_dense,flk_dense,062200,0x6,0x0,0x88,0x88,1,forward,0x89,3,4,strong_dense_control_target,strong,29,0x70017930,0xd1,insn|data|branch_target|no_reorder|no_transform,0xd1,insn|data|branch_target|no_reorder|no_transform,383
0x70017c99,0x70017e48,flk_dense,flk_dense,066b00,0x6,0x0,0x1ac,0x1ac,1,forward,0x1af,1,0,dense_insn_target,medium,21,0x70017c70,0x2c,insn|data|branch_target|no_reorder|no_transform,0xb,insn|data|no_reorder|no_transform,10
