table,index,slot_addr,target,target_region,prev_delta,next_delta,mod8,mod16
A,0,0x70000180,0x70017d41,flk_dense,,0x79,1,1
A,1,0x70000184,0x70017dba,flk_dense,0x79,-0xb,2,10
A,2,0x70000188,0x70017daf,flk_dense,-0xb,-0xb,7,15
A,3,0x7000018c,0x70017da4,flk_dense,-0xb,-0xb,4,4
A,4,0x70000190,0x70017d99,flk_dense,-0xb,-0xb,1,9
A,5,0x70000194,0x70017d8e,flk_dense,-0xb,-0xb,6,14
A,6,0x70000198,0x70017d83,flk_dense,-0xb,-0xb,3,3
A,7,0x7000019c,0x70017d78,flk_dense,-0xb,-0xb,0,8
A,8,0x700001a0,0x70017d6d,flk_dense,-0xb,-0xb,5,13
A,9,0x700001a4,0x70017d62,flk_dense,-0xb,-0xb,2,2
A,10,0x700001a8,0x70017d57,flk_dense,-0xb,-0xb,7,7
A,11,0x700001ac,0x70017d4c,flk_dense,-0xb,,4,12
B,0,0x700001c0,0x70017dc5,flk_dense,,0x79,5,5
B,1,0x700001c4,0x70017e3e,flk_dense,0x79,-0xb,6,14
B,2,0x700001c8,0x70017e33,flk_dense,-0xb,-0xb,3,3
B,3,0x700001cc,0x70017e28,flk_dense,-0xb,-0xb,0,8
B,4,0x700001d0,0x70017e1d,flk_dense,-0xb,-0xb,5,13
B,5,0x700001d4,0x70017e12,flk_dense,-0xb,-0xb,2,2
B,6,0x700001d8,0x70017e07,flk_dense,-0xb,-0xb,7,7
B,7,0x700001dc,0x70017dfc,flk_dense,-0xb,-0xb,4,12
B,8,0x700001e0,0x70017df1,flk_dense,-0xb,-0xb,1,1
B,9,0x700001e4,0x70017de6,flk_dense,-0xb,-0xb,6,6
B,10,0x700001e8,0x70017ddb,flk_dense,-0xb,-0xb,3,11
B,11,0x700001ec,0x70017dd0,flk_dense,-0xb,,0,0
C,0,0x70000200,0x70017cc8,flk_dense,,-0x1324,0,8
C,1,0x70000204,0x700169a4,flk_dense,-0x1324,0x1392,4,4
C,2,0x70000208,0x70017d36,flk_dense,0x1392,-0xb,6,6
C,3,0x7000020c,0x70017d2b,flk_dense,-0xb,-0xb,3,11
C,4,0x70000210,0x70017d20,flk_dense,-0xb,-0xb,0,0
C,5,0x70000214,0x70017d15,flk_dense,-0xb,-0xb,5,5
C,6,0x70000218,0x70017d0a,flk_dense,-0xb,-0xb,2,10
C,7,0x7000021c,0x70017cff,flk_dense,-0xb,-0xb,7,15
C,8,0x70000220,0x70017cf4,flk_dense,-0xb,-0xb,4,4
C,9,0x70000224,0x70017ce9,flk_dense,-0xb,-0xb,1,9
C,10,0x70000228,0x70017cde,flk_dense,-0xb,-0xb,6,14
C,11,0x7000022c,0x70017cd3,flk_dense,-0xb,,3,3
D,0,0x70000b80,0x70081ee7,ann_dense,,0xbc5,7,7
D,1,0x70000b84,0x70082aac,ann_dense,0xbc5,-0x68,4,12
D,2,0x70000b88,0x70082a44,ann_dense,-0x68,-0x68,4,4
D,3,0x70000b8c,0x700829dc,ann_dense,-0x68,-0x68,4,12
D,4,0x70000b90,0x70082974,ann_dense,-0x68,-0x68,4,4
D,5,0x70000b94,0x7008290c,ann_dense,-0x68,-0x68,4,12
D,6,0x70000b98,0x700828a4,ann_dense,-0x68,-0x68,4,4
D,7,0x70000b9c,0x7008283c,ann_dense,-0x68,-0x68,4,12
D,8,0x70000ba0,0x700827d4,ann_dense,-0x68,-0x68,4,4
D,9,0x70000ba4,0x7008276c,ann_dense,-0x68,-0x68,4,12
D,10,0x70000ba8,0x70082704,ann_dense,-0x68,-0x68,4,4
D,11,0x70000bac,0x7008269c,ann_dense,-0x68,-0x68,4,12
D,12,0x70000bb0,0x70082634,ann_dense,-0x68,-0x68,4,4
D,13,0x70000bb4,0x700825cc,ann_dense,-0x68,-0x75,4,12
D,14,0x70000bb8,0x70082557,ann_dense,-0x75,-0x75,7,7
D,15,0x70000bbc,0x700824e2,ann_dense,-0x75,-0x77,2,2
D,16,0x70000bc0,0x7008246b,ann_dense,-0x77,-0x77,3,11
D,17,0x70000bc4,0x700823f4,ann_dense,-0x77,-0x75,4,4
D,18,0x70000bc8,0x7008237f,ann_dense,-0x75,-0x77,7,15
D,19,0x70000bcc,0x70082308,ann_dense,-0x77,-0x75,0,8
D,20,0x70000bd0,0x70082293,ann_dense,-0x75,-0x3ce,3,3
D,21,0x70000bd4,0x70081ec5,ann_dense,-0x3ce,0x0,5,5
D,22,0x70000bd8,0x70081ec5,ann_dense,0x0,0x359,5,5
D,23,0x70000bdc,0x7008221e,ann_dense,0x359,-0x76,6,14
D,24,0x70000be0,0x700821a8,ann_dense,-0x76,-0x75,0,8
D,25,0x70000be4,0x70082133,ann_dense,-0x75,-0x75,3,3
D,26,0x70000be8,0x700820be,ann_dense,-0x75,-0x76,6,14
D,27,0x70000bec,0x70082048,ann_dense,-0x76,-0x183,0,8
D,28,0x70000bf0,0x70081ec5,ann_dense,-0x183,0x10e,5,5
D,29,0x70000bf4,0x70081fd3,ann_dense,0x10e,-0x75,3,3
D,30,0x70000bf8,0x70081f5e,ann_dense,-0x75,,6,14
